1	durable-18d5856a211db6af	g1-declaration-capacity	rust	client	618-18d585964c2cf338	1	REQUEST_SENT	7b13afac0e2038142a9a4a0236106b87						
1	durable-18d5856a211db6af	g1-declaration-capacity	rust	client	618-18d585964c2cf338	2	RECEIPT_VALIDATED	7b13afac0e2038142a9a4a0236106b87						
1	durable-18d5856a211db6af	g1-declaration-capacity	rust	client	618-18d585964c2cf338	3	REQUEST_SENT	7fbf4f1d1e136ccf3a58feb971ed72be						
1	durable-18d5856a211db6af	g1-declaration-capacity	rust	client	618-18d585964c2cf338	4		7fbf4f1d1e136ccf3a58feb971ed72be			7			
1	durable-18d5856a211db6af	g1-declaration-capacity	rust	client	618-18d585964c2cf338	5	REQUEST_SENT	07ca2aa638ad974992d91657c52683cf						
1	durable-18d5856a211db6af	g1-declaration-capacity	rust	client	618-18d585964c2cf338	6	RECEIPT_VALIDATED	07ca2aa638ad974992d91657c52683cf						
1	durable-18d5856a211db6af	g1-declaration-capacity	rust	client	618-18d585964c2cf338	7	REQUEST_SENT	abb5bdc59e56edfaf63a13414549b5e7						
1	durable-18d5856a211db6af	g1-declaration-capacity	rust	client	618-18d585964c2cf338	8	RECEIPT_VALIDATED	abb5bdc59e56edfaf63a13414549b5e7						
1	durable-18d5856a211db6af	g1-declaration-capacity	rust	client	618-18d585964c2cf338	9	REQUEST_SENT	bbd7d7aa5d2c13759424c876ebd16ad9						
1	durable-18d5856a211db6af	g1-declaration-capacity	rust	client	618-18d585964c2cf338	10	RECEIPT_VALIDATED	bbd7d7aa5d2c13759424c876ebd16ad9						
1	durable-18d5856a211db6af	g1-declaration-capacity	rust	client	618-18d585964c2cf338	11	REQUEST_SENT	1b1444fc687a70c10788e2a16a5cb87b						
1	durable-18d5856a211db6af	g1-declaration-capacity	rust	client	618-18d585964c2cf338	12	RECEIPT_VALIDATED	1b1444fc687a70c10788e2a16a5cb87b						
1	durable-18d5856a211db6af	g1-declaration-capacity	rust	client	618-18d585964c2cf338	13	REQUEST_SENT	77e095607052713b94c749e6f671284d						
1	durable-18d5856a211db6af	g1-declaration-capacity	rust	client	618-18d585964c2cf338	14	REQUEST_SENT	77e095607052713b94c749e6f671284d						
1	durable-18d5856a211db6af	g1-declaration-capacity	rust	client	618-18d585964c2cf338	15		77e095607052713b94c749e6f671284d			4			
1	durable-18d5856a211db6af	g1-declaration-capacity	rust	client	618-18d585964c2cf338	16	REQUEST_SENT	97ba39b28151b98ccd3183b050e66547						
1	durable-18d5856a211db6af	g1-declaration-capacity	rust	client	618-18d585964c2cf338	17	RECEIPT_VALIDATED	97ba39b28151b98ccd3183b050e66547						
