103	1789126448158	2	-1	session-open	workload-c
103	1789126448158	1	-1	session-open	workload-b
103	1789126448158	0	-1	session-open	workload-a
134	1789126448189	0	0	admitted	admit=30ms
139	1789126448194	1	1	admitted	admit=35ms
147	1789126448202	2	2	admitted	admit=43ms
159	1789126448214	0	3	admitted	admit=24ms
172	1789126448227	1	4	admitted	admit=32ms
179	1789126448235	2	5	admitted	admit=32ms
194	1789126448249	0	6	admitted	admit=35ms
207	1789126448262	2	8	admitted	admit=27ms
215	1789126448270	1	7	admitted	admit=43ms
220	1789126448276	0	9	admitted	admit=26ms
238	1789126448294	2	11	admitted	admit=31ms
244	1789126448299	0	12	admitted	admit=23ms
250	1789126448305	1	10	admitted	admit=34ms
263	1789126448318	2	14	admitted	admit=24ms
275	1789126448330	0	15	admitted	admit=31ms
288	1789126448343	1	13	admitted	admit=38ms
296	1789126448351	2	17	admitted	admit=33ms
302	1789126448358	0	18	admitted	admit=27ms
321	1789126448376	1	16	admitted	admit=32ms
331	1789126448386	0	21	admitted	admit=28ms
339	1789126448394	2	20	admitted	admit=43ms
350	1789126448405	1	19	admitted	admit=29ms
358	1789126448414	0	24	admitted	admit=27ms
370	1789126448425	1	22	admitted	admit=19ms
378	1789126448433	2	23	admitted	admit=38ms
386	1789126448441	0	27	admitted	admit=27ms
392	1789126448447	1	25	admitted	admit=22ms
411	1789126448466	2	26	admitted	admit=33ms
418	1789126448473	0	30	admitted	admit=31ms
425	1789126448481	1	28	admitted	admit=33ms
433	1789126448488	2	29	admitted	admit=22ms
451	1789126448507	0	33	admitted	admit=33ms
459	1789126448514	2	32	admitted	admit=25ms
469	1789126448524	1	31	admitted	admit=43ms
482	1789126448537	0	36	admitted	admit=30ms
499	1789126448554	1	34	admitted	admit=29ms
515	1789126448571	2	35	admitted	admit=56ms
524	1789126448579	0	39	admitted	admit=41ms
539	1789126448594	2	38	admitted	admit=23ms
546	1789126448602	0	42	admitted	admit=22ms
554	1789126448609	1	37	admitted	admit=54ms
562	1789126448617	2	41	admitted	admit=23ms
575	1789126448630	0	45	admitted	admit=28ms
587	1789126448643	2	44	admitted	admit=25ms
593	1789126448648	1	40	admitted	admit=38ms
603	1789126448658	0	48	admitted	admit=28ms
619	1789126448674	2	47	admitted	admit=31ms
627	1789126448683	1	43	admitted	admit=34ms
633	1789126448688	0	51	admitted	admit=30ms
652	1789126448707	1	46	admitted	admit=24ms
660	1789126448715	0	54	admitted	admit=26ms
668	1789126448723	2	50	admitted	admit=48ms
673	1789126448728	1	49	admitted	admit=20ms
695	1789126448750	0	57	admitted	admit=35ms
705	1789126448761	2	53	admitted	admit=37ms
713	1789126448768	1	52	admitted	admit=40ms
721	1789126448776	0	60	admitted	admit=25ms
747	1789126448802	2	56	admitted	admit=41ms
752	1789126448807	0	63	admitted	admit=31ms
758	1789126448813	1	55	admitted	admit=44ms
769	1789126448824	2	59	admitted	admit=21ms
777	1789126448832	0	66	admitted	admit=25ms
786	1789126448841	1	58	admitted	admit=27ms
798	1789126448853	0	69	admitted	admit=20ms
808	1789126448863	2	62	admitted	admit=38ms
815	1789126448870	1	61	admitted	admit=29ms
825	1789126448880	0	72	admitted	admit=27ms
838	1789126448893	1	64	admitted	admit=22ms
846	1789126448901	2	65	admitted	admit=38ms
853	1789126448909	0	75	admitted	admit=28ms
860	1789126448915	1	67	admitted	admit=22ms
882	1789126448937	0	78	admitted	admit=28ms
891	1789126448946	1	70	admitted	admit=30ms
899	1789126448954	2	68	admitted	admit=53ms
907	1789126448962	0	81	admitted	admit=25ms
926	1789126448982	1	73	admitted	admit=35ms
936	1789126448991	2	71	admitted	admit=37ms
946	1789126449002	0	84	admitted	admit=39ms
954	1789126449009	1	76	admitted	admit=27ms
961	1789126449017	2	74	admitted	admit=25ms
975	1789126449030	0	87	admitted	admit=28ms
980	1789126449036	1	79	admitted	admit=26ms
991	1789126449046	2	77	admitted	admit=29ms
1003	1789126449058	0	90	admitted	admit=27ms
1019	1789126449074	2	80	admitted	admit=28ms
1027	1789126449082	0	93	admitted	admit=23ms
1035	1789126449090	1	82	admitted	admit=54ms
1048	1789126449103	2	83	admitted	admit=29ms
1065	1789126449120	1	85	admitted	admit=29ms
1077	1789126449132	2	86	admitted	admit=29ms
1085	1789126449140	0	96	admitted	admit=58ms
1090	1789126449145	1	88	admitted	admit=24ms
1114	1789126449169	1	91	admitted	admit=24ms
1122	1789126449177	2	89	admitted	admit=44ms
1130	1789126449185	0	99	admitted	admit=45ms
1140	1789126449196	1	94	admitted	admit=26ms
1156	1789126449211	2	92	admitted	admit=33ms
1165	1789126449220	1	97	admitted	admit=24ms
1170	1789126449226	0	102	admitted	admit=40ms
1181	1789126449237	2	95	admitted	admit=25ms
1190	1789126449245	1	100	admitted	admit=24ms
1195	1789126449251	0	105	admitted	admit=24ms
1208	1789126449263	2	98	admitted	admit=26ms
1218	1789126449273	1	103	admitted	admit=28ms
1226	1789126449281	0	108	admitted	admit=30ms
1238	1789126449293	2	101	admitted	admit=30ms
1246	1789126449301	1	106	admitted	admit=27ms
1251	1789126449306	0	111	admitted	admit=25ms
1270	1789126449325	1	109	admitted	admit=24ms
1278	1789126449333	0	114	admitted	admit=26ms
1283	1789126449339	2	104	admitted	admit=45ms
1299	1789126449354	1	112	admitted	admit=29ms
1307	1789126449362	0	117	admitted	admit=29ms
1313	1789126449368	2	107	admitted	admit=29ms
1323	1789126449378	1	115	admitted	admit=23ms
1330	1789126449386	0	120	admitted	admit=23ms
1343	1789126449398	2	110	admitted	admit=30ms
1353	1789126449408	0	123	admitted	admit=22ms
1363	1789126449418	1	118	admitted	admit=39ms
1370	1789126449426	2	113	admitted	admit=27ms
1388	1789126449443	0	126	admitted	admit=35ms
1398	1789126449453	1	121	admitted	admit=35ms
1406	1789126449461	2	116	admitted	admit=35ms
1411	1789126449467	0	129	admitted	admit=23ms
1436	1789126449492	0	132	admitted	admit=25ms
1442	1789126449497	2	119	admitted	admit=36ms
1451	1789126449506	1	124	admitted	admit=52ms
1456	1789126449511	0	135	admitted	admit=19ms
1480	1789126449535	0	138	admitted	admit=24ms
1488	1789126449543	1	127	admitted	admit=37ms
1496	1789126449551	2	122	admitted	admit=53ms
1509	1789126449564	0	141	admitted	admit=28ms
1527	1789126449582	1	130	admitted	admit=38ms
1540	1789126449595	2	125	admitted	admit=44ms
1548	1789126449603	0	144	admitted	admit=39ms
1556	1789126449611	1	133	admitted	admit=29ms
1559	1789126449614	2	128	admitted	admit=19ms
1585	1789126449641	2	131	admitted	admit=26ms
1595	1789126449650	0	147	admitted	admit=47ms
1603	1789126449658	1	136	admitted	admit=46ms
1610	1789126449666	2	134	admitted	admit=24ms
1635	1789126449690	0	150	admitted	admit=39ms
1651	1789126449706	1	139	admitted	admit=48ms
1656	1789126449712	2	137	admitted	admit=46ms
1665	1789126449720	0	153	admitted	admit=30ms
1688	1789126449743	0	156	admitted	admit=23ms
1693	1789126449749	2	140	admitted	admit=37ms
1699	1789126449754	1	142	admitted	admit=47ms
1720	1789126449775	2	143	admitted	admit=26ms
1733	1789126449788	1	145	admitted	admit=33ms
1740	1789126449796	0	159	admitted	admit=52ms
1758	1789126449813	2	146	admitted	admit=37ms
1771	1789126449826	0	162	admitted	admit=30ms
1781	1789126449836	1	148	admitted	admit=48ms
1801	1789126449857	2	149	admitted	admit=43ms
1814	1789126449869	0	165	admitted	admit=43ms
1822	1789126449877	1	151	admitted	admit=40ms
1833	1789126449888	2	152	admitted	admit=31ms
1853	1789126449908	1	154	admitted	admit=30ms
1858	1789126449913	0	168	admitted	admit=43ms
1870	1789126449925	2	155	admitted	admit=36ms
1878	1789126449933	1	157	admitted	admit=25ms
1900	1789126449956	0	171	admitted	admit=42ms
1918	1789126449973	1	160	admitted	admit=40ms
1923	1789126449978	2	158	admitted	admit=53ms
1931	1789126449986	0	174	admitted	admit=30ms
1959	1789126450014	0	177	admitted	admit=28ms
1970	1789126450025	2	161	admitted	admit=47ms
1978	1789126450033	1	163	admitted	admit=60ms
1989	1789126450044	0	180	admitted	admit=29ms
2004	1789126450059	2	164	admitted	admit=33ms
2019	1789126450074	1	166	admitted	admit=40ms
2026	1789126450081	0	183	admitted	admit=37ms
2029	1789126450084	2	167	admitted	admit=25ms
2059	1789126450114	0	186	admitted	admit=33ms
2070	1789126450125	2	170	admitted	admit=41ms
2078	1789126450133	1	169	admitted	admit=58ms
2088	1789126450143	0	189	admitted	admit=28ms
2099	1789126450154	2	173	admitted	admit=29ms
2106	1789126450161	1	172	admitted	admit=28ms
2125	1789126450180	0	192	admitted	admit=36ms
2133	1789126450188	1	175	admitted	admit=26ms
2138	1789126450193	2	176	admitted	admit=39ms
2146	1789126450201	0	195	admitted	admit=20ms
2164	1789126450219	2	179	admitted	admit=25ms
2171	1789126450226	0	198	admitted	admit=25ms
2179	1789126450234	1	178	admitted	admit=46ms
2184	1789126450240	2	182	admitted	admit=20ms
2214	1789126450270	0	201	admitted	admit=43ms
2230	1789126450285	2	185	admitted	admit=45ms
2240	1789126450295	1	181	admitted	admit=61ms
2253	1789126450308	0	204	admitted	admit=38ms
2270	1789126450326	2	188	admitted	admit=40ms
2286	1789126450341	0	207	admitted	admit=32ms
2289	1789126450344	1	184	admitted	admit=48ms
2297	1789126450352	2	191	admitted	admit=26ms
2327	1789126450382	0	210	admitted	admit=41ms
2330	1789126450385	2	194	admitted	admit=33ms
2338	1789126450393	1	187	admitted	admit=49ms
2353	1789126450409	0	213	admitted	admit=26ms
2372	1789126450427	1	190	admitted	admit=33ms
2383	1789126450438	2	197	admitted	admit=52ms
2393	1789126450448	0	216	admitted	admit=39ms
2409	1789126450464	1	193	admitted	admit=36ms
2416	1789126450471	2	200	admitted	admit=33ms
2425	1789126450480	0	219	admitted	admit=32ms
2440	1789126450496	2	203	admitted	admit=24ms
2454	1789126450510	1	196	admitted	admit=45ms
2462	1789126450517	0	222	admitted	admit=36ms
2470	1789126450525	2	206	admitted	admit=29ms
2477	1789126450533	1	199	admitted	admit=22ms
2499	1789126450554	0	225	admitted	admit=36ms
2512	1789126450568	2	209	admitted	admit=42ms
2520	1789126450576	1	202	admitted	admit=42ms
2528	1789126450583	0	228	admitted	admit=29ms
2551	1789126450607	1	205	admitted	admit=31ms
2560	1789126450615	2	212	admitted	admit=47ms
2569	1789126450625	0	231	admitted	admit=41ms
2587	1789126450642	1	208	admitted	admit=35ms
2607	1789126450662	2	215	admitted	admit=46ms
2617	1789126450673	0	234	admitted	admit=47ms
2625	1789126450681	1	211	admitted	admit=38ms
2638	1789126450693	2	218	admitted	admit=30ms
2654	1789126450709	1	214	admitted	admit=28ms
2664	1789126450719	2	221	admitted	admit=26ms
2669	1789126450724	0	237	admitted	admit=51ms
2687	1789126450742	1	217	admitted	admit=33ms
2699	1789126450755	0	240	admitted	admit=30ms
2710	1789126450765	2	224	admitted	admit=46ms
2718	1789126450773	1	220	admitted	admit=31ms
2725	1789126450781	0	243	admitted	admit=26ms
2746	1789126450801	1	223	admitted	admit=27ms
2753	1789126450809	2	227	admitted	admit=43ms
2764	1789126450819	0	246	admitted	admit=38ms
2783	1789126450838	1	226	admitted	admit=36ms
2795	1789126450850	0	249	admitted	admit=30ms
2804	1789126450860	2	230	admitted	admit=50ms
2810	1789126450865	1	229	admitted	admit=26ms
2829	1789126450884	0	252	admitted	admit=33ms
2837	1789126450892	1	232	admitted	admit=27ms
2845	1789126450900	2	233	admitted	admit=40ms
2852	1789126450908	0	255	admitted	admit=23ms
2868	1789126450923	1	235	admitted	admit=31ms
2878	1789126450933	2	236	admitted	admit=33ms
2889	1789126450944	0	258	admitted	admit=36ms
2900	1789126450955	1	238	admitted	admit=31ms
2913	1789126450968	2	239	admitted	admit=34ms
2929	1789126450985	0	261	admitted	admit=40ms
2934	1789126450989	2	242	admitted	admit=21ms
2940	1789126450995	1	241	admitted	admit=39ms
2954	1789126451010	0	264	admitted	admit=25ms
2962	1789126451017	2	245	admitted	admit=27ms
2967	1789126451022	1	244	admitted	admit=27ms
2977	1789126451033	0	267	admitted	admit=22ms
2985	1789126451040	2	248	admitted	admit=22ms
3006	1789126451061	1	247	admitted	admit=39ms
3014	1789126451069	2	251	admitted	admit=29ms
3025	1789126451080	0	270	admitted	admit=47ms
3028	1789126451083	1	250	admitted	admit=21ms
3052	1789126451108	2	254	admitted	admit=38ms
3065	1789126451120	0	273	admitted	admit=40ms
3073	1789126451128	1	253	admitted	admit=45ms
3078	1789126451133	2	257	admitted	admit=25ms
3092	1789126451147	0	276	admitted	admit=26ms
3102	1789126451157	2	260	admitted	admit=23ms
3109	1789126451164	1	256	admitted	admit=36ms
3117	1789126451172	0	279	admitted	admit=25ms
3125	1789126451180	2	263	admitted	admit=23ms
3130	1789126451185	1	259	admitted	admit=20ms
3141	1789126451196	0	282	admitted	admit=23ms
3157	1789126451212	1	262	admitted	admit=26ms
3168	1789126451223	2	266	admitted	admit=42ms
3176	1789126451231	0	285	admitted	admit=35ms
3186	1789126451241	1	265	admitted	admit=28ms
3196	1789126451251	0	288	admitted	admit=19ms
3203	1789126451258	2	269	admitted	admit=35ms
3216	1789126451271	1	268	admitted	admit=29ms
3223	1789126451279	2	272	admitted	admit=20ms
3231	1789126451287	0	291	admitted	admit=35ms
3237	1789126451292	1	271	admitted	admit=21ms
3259	1789126451314	2	275	admitted	admit=35ms
3267	1789126451322	0	294	admitted	admit=35ms
3275	1789126451330	1	274	admitted	admit=38ms
3291	1789126451346	2	278	admitted	admit=31ms
3301	1789126451356	1	277	admitted	admit=25ms
3309	1789126451364	0	297	admitted	admit=42ms
3317	1789126451372	2	281	admitted	admit=25ms
3329	1789126451385	1	280	admitted	admit=28ms
3337	1789126451392	2	284	admitted	admit=20ms
3342	1789126451397	0	300	admitted	admit=32ms
3350	1789126451405	1	283	admitted	admit=20ms
3371	1789126451426	0	303	admitted	admit=28ms
3374	1789126451429	1	286	admitted	admit=23ms
3381	1789126451436	2	287	admitted	admit=43ms
3404	1789126451459	0	306	admitted	admit=33ms
3415	1789126451470	1	289	admitted	admit=40ms
3426	1789126451481	2	290	admitted	admit=45ms
3439	1789126451494	0	309	admitted	admit=34ms
3456	1789126451511	1	292	admitted	admit=41ms
3462	1789126451517	2	293	admitted	admit=36ms
3470	1789126451525	0	312	admitted	admit=31ms
3483	1789126451538	1	295	admitted	admit=26ms
3491	1789126451546	0	315	admitted	admit=20ms
3504	1789126451560	2	296	admitted	admit=42ms
3518	1789126451573	1	298	admitted	admit=34ms
3534	1789126451589	0	318	admitted	admit=43ms
3546	1789126451601	2	299	admitted	admit=41ms
3554	1789126451609	1	301	admitted	admit=35ms
3566	1789126451621	0	321	admitted	admit=32ms
3579	1789126451635	2	302	admitted	admit=33ms
3587	1789126451642	1	304	admitted	admit=33ms
3595	1789126451650	0	324	admitted	admit=29ms
3605	1789126451660	2	305	admitted	admit=25ms
3621	1789126451676	1	307	admitted	admit=33ms
3629	1789126451684	2	308	admitted	admit=23ms
3634	1789126451690	0	327	admitted	admit=39ms
3648	1789126451703	1	310	admitted	admit=27ms
3659	1789126451714	2	311	admitted	admit=29ms
3667	1789126451722	0	330	admitted	admit=32ms
3677	1789126451732	1	313	admitted	admit=28ms
3689	1789126451744	2	314	admitted	admit=30ms
3701	1789126451756	0	333	admitted	admit=34ms
3708	1789126451763	1	316	admitted	admit=31ms
3715	1789126451770	2	317	admitted	admit=25ms
3733	1789126451788	1	319	admitted	admit=24ms
3740	1789126451795	2	320	admitted	admit=24ms
3751	1789126451806	0	336	admitted	admit=49ms
3761	1789126451816	1	322	admitted	admit=27ms
3773	1789126451829	0	339	admitted	admit=22ms
3786	1789126451841	2	323	admitted	admit=45ms
3802	1789126451858	1	325	admitted	admit=41ms
3825	1789126451880	0	342	admitted	admit=51ms
3847	1789126451903	2	326	admitted	admit=61ms
3855	1789126451910	1	328	admitted	admit=52ms
3878	1789126451933	0	345	admitted	admit=52ms
3890	1789126451945	2	329	admitted	admit=42ms
3908	1789126451963	1	331	admitted	admit=52ms
3925	1789126451980	0	348	admitted	admit=47ms
3942	1789126451997	2	332	admitted	admit=51ms
3965	1789126452020	1	334	admitted	admit=57ms
3983	1789126452038	0	351	admitted	admit=58ms
3995	1789126452051	2	335	admitted	admit=53ms
4011	1789126452067	1	337	admitted	admit=46ms
4033	1789126452089	0	354	admitted	admit=50ms
4046	1789126452101	2	338	admitted	admit=50ms
4061	1789126452116	1	340	admitted	admit=49ms
4077	1789126452132	0	357	admitted	admit=43ms
4115	1789126452170	0	360	admitted	admit=37ms
4120	1789126452176	2	341	admitted	admit=74ms
4133	1789126452188	1	343	admitted	admit=71ms
4156	1789126452211	0	363	admitted	admit=41ms
4176	1789126452231	2	344	admitted	admit=55ms
4193	1789126452248	1	346	admitted	admit=60ms
4217	1789126452273	0	366	admitted	admit=61ms
4245	1789126452300	2	347	admitted	admit=68ms
4247	1789126452303	0	369	admitted	admit=30ms
4260	1789126452315	1	349	admitted	admit=66ms
4275	1789126452330	2	350	admitted	admit=30ms
4297	1789126452352	0	372	admitted	admit=49ms
4307	1789126452363	1	352	admitted	admit=47ms
4315	1789126452371	2	353	admitted	admit=40ms
4328	1789126452384	0	375	admitted	admit=31ms
4348	1789126452404	1	355	admitted	admit=40ms
4361	1789126452416	2	356	admitted	admit=45ms
4373	1789126452429	0	378	admitted	admit=44ms
4388	1789126452444	1	358	admitted	admit=39ms
4403	1789126452459	0	381	admitted	admit=30ms
4414	1789126452469	2	359	admitted	admit=52ms
4426	1789126452481	1	361	admitted	admit=37ms
4441	1789126452497	0	384	admitted	admit=37ms
4452	1789126452507	2	362	admitted	admit=38ms
4467	1789126452522	1	364	admitted	admit=40ms
4472	1789126452528	2	365	admitted	admit=20ms
4480	1789126452535	0	387	admitted	admit=38ms
4497	1789126452552	1	367	admitted	admit=29ms
4512	1789126452567	2	368	admitted	admit=39ms
4519	1789126452575	0	390	admitted	admit=39ms
4527	1789126452582	1	370	admitted	admit=30ms
4539	1789126452594	2	371	admitted	admit=27ms
4547	1789126452602	1	373	admitted	admit=19ms
4562	1789126452617	0	393	admitted	admit=42ms
4570	1789126452625	2	374	admitted	admit=30ms
4580	1789126452636	1	376	admitted	admit=33ms
4599	1789126452654	1	379	admitted	admit=18ms
4604	1789126452659	0	396	admitted	admit=41ms
4609	1789126452664	2	377	admitted	admit=38ms
4626	1789126452681	0	399	admitted	admit=21ms
4636	1789126452691	1	382	admitted	admit=37ms
4643	1789126452699	2	380	admitted	admit=34ms
4664	1789126452719	0	402	admitted	admit=37ms
4673	1789126452729	2	383	admitted	admit=29ms
4681	1789126452736	1	385	admitted	admit=45ms
4699	1789126452755	0	405	admitted	admit=35ms
4712	1789126452767	2	386	admitted	admit=38ms
4720	1789126452775	1	388	admitted	admit=39ms
4725	1789126452781	0	408	admitted	admit=26ms
4733	1789126452788	2	389	admitted	admit=20ms
4755	1789126452810	1	391	admitted	admit=34ms
4763	1789126452818	2	392	admitted	admit=29ms
4770	1789126452825	0	411	admitted	admit=44ms
4785	1789126452840	1	394	admitted	admit=30ms
4795	1789126452850	2	395	admitted	admit=32ms
4816	1789126452872	0	414	admitted	admit=46ms
4827	1789126452882	2	398	admitted	admit=31ms
4837	1789126452892	1	397	admitted	admit=52ms
4849	1789126452904	0	417	admitted	admit=32ms
4862	1789126452917	2	401	admitted	admit=34ms
4870	1789126452925	1	400	admitted	admit=32ms
4878	1789126452933	0	420	admitted	admit=29ms
4885	1789126452941	2	404	admitted	admit=23ms
4908	1789126452964	0	423	admitted	admit=30ms
4922	1789126452977	1	403	admitted	admit=51ms
4930	1789126452985	2	407	admitted	admit=44ms
4940	1789126452995	0	426	admitted	admit=31ms
4964	1789126453019	1	406	admitted	admit=42ms
4971	1789126453026	0	429	admitted	admit=31ms
4982	1789126453037	2	410	admitted	admit=52ms
4990	1789126453045	1	409	admitted	admit=26ms
5005	1789126453061	0	432	admitted	admit=34ms
5015	1789126453071	1	412	admitted	admit=25ms
5023	1789126453078	2	413	admitted	admit=40ms
5030	1789126453085	0	435	admitted	admit=24ms
5045	1789126453100	1	415	admitted	admit=29ms
5065	1789126453121	2	416	admitted	admit=42ms
5073	1789126453128	0	438	admitted	admit=43ms
5083	1789126453138	1	418	admitted	admit=38ms
5105	1789126453160	2	419	admitted	admit=39ms
5119	1789126453174	0	441	admitted	admit=45ms
5123	1789126453179	1	421	admitted	admit=40ms
5133	1789126453188	2	422	admitted	admit=28ms
5141	1789126453196	0	444	admitted	admit=22ms
5154	1789126453209	2	425	admitted	admit=20ms
5159	1789126453215	1	424	admitted	admit=35ms
5165	1789126453220	0	447	admitted	admit=23ms
5192	1789126453247	0	450	admitted	admit=27ms
5202	1789126453257	2	428	admitted	admit=48ms
5210	1789126453265	1	427	admitted	admit=50ms
5220	1789126453275	0	453	admitted	admit=27ms
5234	1789126453290	2	431	admitted	admit=32ms
5240	1789126453295	1	430	admitted	admit=30ms
5245	1789126453301	0	456	admitted	admit=25ms
5259	1789126453314	2	434	admitted	admit=24ms
5273	1789126453329	0	459	admitted	admit=28ms
5279	1789126453334	1	433	admitted	admit=38ms
5284	1789126453339	2	437	admitted	admit=25ms
5300	1789126453355	0	462	admitted	admit=26ms
5311	1789126453366	1	436	admitted	admit=31ms
5318	1789126453373	2	440	admitted	admit=34ms
5326	1789126453381	0	465	admitted	admit=25ms
5341	1789126453396	1	439	admitted	admit=30ms
5359	1789126453414	2	443	admitted	admit=40ms
5371	1789126453427	0	468	admitted	admit=45ms
5380	1789126453435	1	442	admitted	admit=38ms
5407	1789126453462	2	446	admitted	admit=48ms
5420	1789126453475	0	471	admitted	admit=48ms
5428	1789126453483	1	445	admitted	admit=48ms
5433	1789126453489	2	449	admitted	admit=26ms
5452	1789126453507	1	448	admitted	admit=23ms
5462	1789126453518	2	452	admitted	admit=28ms
5471	1789126453526	0	474	admitted	admit=50ms
5488	1789126453544	1	451	admitted	admit=36ms
5491	1789126453546	2	455	admitted	admit=28ms
5519	1789126453574	2	458	admitted	admit=28ms
5525	1789126453580	1	454	admitted	admit=36ms
5535	1789126453590	0	477	admitted	admit=64ms
5547	1789126453602	2	461	admitted	admit=28ms
5570	1789126453625	0	480	admitted	admit=34ms
5577	1789126453632	2	464	admitted	admit=29ms
5585	1789126453640	1	457	admitted	admit=59ms
5598	1789126453653	0	483	admitted	admit=28ms
5608	1789126453663	1	460	admitted	admit=23ms
5619	1789126453674	2	467	admitted	admit=41ms
5629	1789126453684	0	486	admitted	admit=30ms
5657	1789126453712	1	463	admitted	admit=48ms
5669	1789126453724	0	489	admitted	admit=40ms
5674	1789126453729	2	470	admitted	admit=55ms
5693	1789126453748	1	466	admitted	admit=35ms
5698	1789126453753	2	473	admitted	admit=23ms
5711	1789126453766	0	492	admitted	admit=42ms
5735	1789126453790	1	469	admitted	admit=42ms
5748	1789126453803	2	476	admitted	admit=49ms
5758	1789126453813	0	495	admitted	admit=46ms
5787	1789126453842	2	479	admitted	admit=38ms
5797	1789126453852	1	472	admitted	admit=62ms
5807	1789126453862	0	498	admitted	admit=49ms
5828	1789126453884	2	482	admitted	admit=41ms
5839	1789126453894	0	501	admitted	admit=32ms
5847	1789126453902	1	475	admitted	admit=49ms
5852	1789126453907	2	485	admitted	admit=23ms
5871	1789126453926	0	504	admitted	admit=32ms
5915	1789126453970	1	478	admitted	admit=68ms
5931	1789126453986	2	488	admitted	admit=79ms
5942	1789126453997	0	507	admitted	admit=70ms
5955	1789126454011	1	481	admitted	admit=40ms
5967	1789126454022	2	491	admitted	admit=35ms
5979	1789126454035	0	510	admitted	admit=37ms
5987	1789126454042	2	494	admitted	admit=19ms
5994	1789126454049	1	484	admitted	admit=38ms
5997	1789126454052	0	513	admitted	admit=17ms
6010	1789126454065	2	497	admitted	admit=23ms
6023	1789126454078	0	516	admitted	admit=25ms
6031	1789126454086	1	487	admitted	admit=36ms
6036	1789126454091	2	500	admitted	admit=26ms
6046	1789126454102	0	519	admitted	admit=23ms
6057	1789126454112	2	503	admitted	admit=20ms
6067	1789126454123	1	490	admitted	admit=36ms
6081	1789126454136	0	522	admitted	admit=34ms
6091	1789126454146	1	493	admitted	admit=23ms
6096	1789126454151	2	506	admitted	admit=38ms
6101	1789126454156	0	525	admitted	admit=20ms
6122	1789126454178	1	496	admitted	admit=31ms
6125	1789126454180	2	509	admitted	admit=29ms
6128	1789126454183	0	528	admitted	admit=26ms
6149	1789126454204	2	512	admitted	admit=23ms
6160	1789126454215	1	499	admitted	admit=37ms
6165	1789126454220	0	531	admitted	admit=37ms
6168	1789126454223	2	515	admitted	admit=18ms
6191	1789126454246	1	502	admitted	admit=31ms
6203	1789126454259	2	518	admitted	admit=35ms
6211	1789126454266	0	534	admitted	admit=46ms
6216	1789126454271	1	505	admitted	admit=25ms
6235	1789126454291	2	521	admitted	admit=31ms
6238	1789126454293	0	537	admitted	admit=26ms
6241	1789126454296	1	508	admitted	admit=24ms
6257	1789126454312	0	540	admitted	admit=18ms
6267	1789126454322	1	511	admitted	admit=26ms
6275	1789126454330	2	524	admitted	admit=39ms
6278	1789126454333	0	543	admitted	admit=21ms
6296	1789126454351	1	514	admitted	admit=28ms
6307	1789126454362	2	527	admitted	admit=31ms
6312	1789126454367	0	546	admitted	admit=34ms
6323	1789126454378	1	517	admitted	admit=26ms
6341	1789126454396	2	530	admitted	admit=34ms
6349	1789126454404	0	549	admitted	admit=36ms
6354	1789126454409	1	520	admitted	admit=31ms
6367	1789126454423	2	533	admitted	admit=26ms
6381	1789126454437	0	552	admitted	admit=32ms
6392	1789126454448	1	523	admitted	admit=38ms
6400	1789126454456	2	536	admitted	admit=32ms
6403	1789126454458	0	555	admitted	admit=21ms
6425	1789126454481	1	526	admitted	admit=32ms
6430	1789126454486	2	539	admitted	admit=30ms
6441	1789126454496	0	558	admitted	admit=37ms
6443	1789126454499	1	529	admitted	admit=18ms
6470	1789126454525	2	542	admitted	admit=39ms
6473	1789126454528	0	561	admitted	admit=31ms
6481	1789126454536	1	532	admitted	admit=37ms
6493	1789126454548	2	545	admitted	admit=22ms
6505	1789126454560	0	564	admitted	admit=31ms
6514	1789126454569	1	535	admitted	admit=33ms
6519	1789126454574	2	548	admitted	admit=26ms
6527	1789126454582	0	567	admitted	admit=22ms
6540	1789126454596	1	538	admitted	admit=26ms
6553	1789126454608	2	551	admitted	admit=33ms
6564	1789126454619	1	541	admitted	admit=23ms
6572	1789126454627	0	570	admitted	admit=44ms
6577	1789126454632	2	554	admitted	admit=24ms
6588	1789126454643	1	544	admitted	admit=24ms
6601	1789126454657	2	557	admitted	admit=24ms
6604	1789126454660	0	573	admitted	admit=32ms
6612	1789126454667	1	547	admitted	admit=23ms
6623	1789126454678	2	560	admitted	admit=21ms
6640	1789126454695	0	576	admitted	admit=35ms
6644	1789126454700	2	563	admitted	admit=21ms
6656	1789126454711	1	550	admitted	admit=43ms
6664	1789126454719	0	579	admitted	admit=23ms
6687	1789126454742	2	566	admitted	admit=42ms
6690	1789126454745	1	553	admitted	admit=34ms
6697	1789126454752	0	582	admitted	admit=33ms
6708	1789126454763	2	569	admitted	admit=20ms
6724	1789126454779	0	585	admitted	admit=26ms
6732	1789126454787	1	556	admitted	admit=41ms
6740	1789126454795	2	572	admitted	admit=31ms
6742	1789126454798	0	588	admitted	admit=18ms
6760	1789126454816	2	575	admitted	admit=20ms
6773	1789126454828	0	591	admitted	admit=30ms
6780	1789126454835	1	559	admitted	admit=48ms
6790	1789126454845	2	578	admitted	admit=29ms
6800	1789126454855	1	562	admitted	admit=20ms
6810	1789126454865	0	594	admitted	admit=37ms
6815	1789126454871	2	581	admitted	admit=25ms
6826	1789126454881	1	565	admitted	admit=25ms
6843	1789126454898	2	584	admitted	admit=27ms
6850	1789126454905	0	597	admitted	admit=40ms
6856	1789126454911	1	568	admitted	admit=30ms
6867	1789126454922	2	587	admitted	admit=23ms
6878	1789126454933	1	571	admitted	admit=22ms
6891	1789126454946	0	600	admitted	admit=40ms
6906	1789126454961	2	590	admitted	admit=39ms
6914	1789126454969	1	574	admitted	admit=35ms
6917	1789126454972	0	603	admitted	admit=25ms
6936	1789126454991	1	577	admitted	admit=21ms
6938	1789126454994	2	593	admitted	admit=32ms
6946	1789126455001	0	606	admitted	admit=29ms
6967	1789126455022	1	580	admitted	admit=31ms
6975	1789126455030	0	609	admitted	admit=28ms
6980	1789126455035	2	596	admitted	admit=41ms
6991	1789126455046	1	583	admitted	admit=24ms
7001	1789126455056	2	599	admitted	admit=21ms
7011	1789126455066	0	612	admitted	admit=36ms
7016	1789126455072	1	586	admitted	admit=25ms
7021	1789126455077	2	602	admitted	admit=20ms
7043	1789126455098	0	615	admitted	admit=31ms
7050	1789126455105	1	589	admitted	admit=33ms
7055	1789126455111	2	605	admitted	admit=33ms
7058	1789126455113	0	618	admitted	admit=15ms
7081	1789126455136	1	592	admitted	admit=31ms
7085	1789126455141	0	621	admitted	admit=27ms
7088	1789126455143	2	608	admitted	admit=32ms
7109	1789126455165	1	595	admitted	admit=28ms
7112	1789126455168	0	624	admitted	admit=27ms
7120	1789126455175	2	611	admitted	admit=31ms
7133	1789126455188	1	598	admitted	admit=23ms
7141	1789126455196	0	627	admitted	admit=28ms
7146	1789126455202	2	614	admitted	admit=26ms
7159	1789126455214	1	601	admitted	admit=25ms
7166	1789126455221	0	630	admitted	admit=25ms
7171	1789126455227	2	617	admitted	admit=25ms
7178	1789126455234	1	604	admitted	admit=19ms
7189	1789126455244	2	620	admitted	admit=17ms
7200	1789126455255	0	633	admitted	admit=33ms
7208	1789126455263	1	607	admitted	admit=29ms
7210	1789126455266	2	623	admitted	admit=21ms
7228	1789126455283	0	636	admitted	admit=28ms
7243	1789126455298	2	626	admitted	admit=32ms
7253	1789126455309	1	610	admitted	admit=45ms
7261	1789126455316	0	639	admitted	admit=33ms
7264	1789126455319	2	629	admitted	admit=21ms
7286	1789126455341	2	632	admitted	admit=22ms
7295	1789126455350	1	613	admitted	admit=41ms
7300	1789126455355	0	642	admitted	admit=39ms
7305	1789126455360	2	635	admitted	admit=19ms
7331	1789126455386	1	616	admitted	admit=35ms
7337	1789126455392	2	638	admitted	admit=31ms
7344	1789126455400	0	645	admitted	admit=44ms
7357	1789126455412	1	619	admitted	admit=26ms
7370	1789126455425	0	648	admitted	admit=25ms
7381	1789126455436	2	641	admitted	admit=44ms
7386	1789126455441	1	622	admitted	admit=28ms
7389	1789126455444	0	651	admitted	admit=18ms
7408	1789126455464	2	644	admitted	admit=27ms
7416	1789126455471	1	625	admitted	admit=29ms
7424	1789126455479	0	654	admitted	admit=34ms
7428	1789126455484	2	647	admitted	admit=20ms
7454	1789126455509	2	650	admitted	admit=25ms
7457	1789126455512	1	628	admitted	admit=40ms
7465	1789126455520	0	657	admitted	admit=41ms
7480	1789126455535	2	653	admitted	admit=25ms
7487	1789126455543	0	660	admitted	admit=22ms
7492	1789126455548	1	631	admitted	admit=35ms
7502	1789126455558	2	656	admitted	admit=22ms
7518	1789126455573	0	663	admitted	admit=30ms
7521	1789126455576	2	659	admitted	admit=18ms
7528	1789126455583	1	634	admitted	admit=35ms
7538	1789126455593	0	666	admitted	admit=20ms
7553	1789126455608	2	662	admitted	admit=31ms
7560	1789126455615	0	669	admitted	admit=21ms
7565	1789126455620	1	637	admitted	admit=36ms
7567	1789126455622	2	665	admitted	admit=14ms
7593	1789126455648	0	672	admitted	admit=33ms
7596	1789126455651	2	668	admitted	admit=28ms
7601	1789126455656	1	640	admitted	admit=36ms
7616	1789126455672	0	675	admitted	admit=23ms
7626	1789126455681	2	671	admitted	admit=29ms
7630	1789126455686	1	643	admitted	admit=29ms
7640	1789126455695	0	678	admitted	admit=23ms
7657	1789126455712	2	674	admitted	admit=30ms
7667	1789126455722	1	646	admitted	admit=36ms
7675	1789126455730	0	681	admitted	admit=34ms
7678	1789126455733	2	677	admitted	admit=20ms
7697	1789126455752	0	684	admitted	admit=21ms
7699	1789126455755	1	649	admitted	admit=32ms
7704	1789126455759	2	680	admitted	admit=26ms
7716	1789126455771	0	687	admitted	admit=19ms
7727	1789126455782	1	652	admitted	admit=27ms
7732	1789126455787	2	683	admitted	admit=28ms
7737	1789126455792	0	690	admitted	admit=21ms
7757	1789126455812	1	655	admitted	admit=30ms
7760	1789126455815	0	693	admitted	admit=22ms
7767	1789126455823	2	686	admitted	admit=35ms
7777	1789126455832	1	658	admitted	admit=20ms
7790	1789126455845	0	696	admitted	admit=30ms
7795	1789126455850	2	689	admitted	admit=27ms
7802	1789126455857	1	661	admitted	admit=24ms
7814	1789126455869	0	699	admitted	admit=24ms
7821	1789126455876	2	692	admitted	admit=25ms
7829	1789126455884	1	664	admitted	admit=27ms
7832	1789126455887	0	702	admitted	admit=17ms
7852	1789126455907	1	667	admitted	admit=22ms
7855	1789126455910	0	705	admitted	admit=22ms
7862	1789126455918	2	695	admitted	admit=41ms
7875	1789126455930	1	670	admitted	admit=23ms
7891	1789126455947	2	698	admitted	admit=28ms
7903	1789126455958	0	708	admitted	admit=48ms
7913	1789126455968	1	673	admitted	admit=37ms
7920	1789126455975	2	701	admitted	admit=28ms
7923	1789126455978	0	711	admitted	admit=19ms
7945	1789126456000	0	714	admitted	admit=22ms
7950	1789126456005	2	704	admitted	admit=29ms
7960	1789126456016	1	676	admitted	admit=47ms
7976	1789126456031	0	717	admitted	admit=30ms
7981	1789126456036	2	707	admitted	admit=31ms
7986	1789126456042	1	679	admitted	admit=25ms
7997	1789126456052	0	720	admitted	admit=20ms
8009	1789126456064	1	682	admitted	admit=22ms
8021	1789126456077	2	710	admitted	admit=40ms
8029	1789126456084	0	723	admitted	admit=31ms
8034	1789126456089	1	685	admitted	admit=24ms
8047	1789126456102	2	713	admitted	admit=25ms
8055	1789126456111	0	726	admitted	admit=26ms
8061	1789126456116	1	688	admitted	admit=27ms
8076	1789126456131	2	716	admitted	admit=28ms
8091	1789126456146	0	729	admitted	admit=35ms
8099	1789126456154	1	691	admitted	admit=37ms
8104	1789126456159	2	719	admitted	admit=28ms
8124	1789126456180	0	732	admitted	admit=33ms
8127	1789126456182	1	694	admitted	admit=28ms
8132	1789126456188	2	722	admitted	admit=28ms
8143	1789126456198	0	735	admitted	admit=18ms
8156	1789126456211	1	697	admitted	admit=29ms
8164	1789126456219	2	725	admitted	admit=31ms
8169	1789126456224	0	738	admitted	admit=25ms
8179	1789126456234	1	700	admitted	admit=22ms
8192	1789126456247	0	741	admitted	admit=23ms
8199	1789126456255	2	728	admitted	admit=35ms
8207	1789126456262	1	703	admitted	admit=28ms
8217	1789126456272	0	744	admitted	admit=25ms
8228	1789126456283	1	706	admitted	admit=20ms
8238	1789126456293	2	731	admitted	admit=38ms
8243	1789126456298	0	747	admitted	admit=25ms
8253	1789126456308	1	709	admitted	admit=25ms
8264	1789126456319	0	750	admitted	admit=20ms
8277	1789126456332	2	734	admitted	admit=39ms
8285	1789126456340	1	712	admitted	admit=31ms
8290	1789126456345	0	753	admitted	admit=26ms
8301	1789126456356	2	737	admitted	admit=23ms
8311	1789126456366	0	756	admitted	admit=20ms
8319	1789126456374	1	715	admitted	admit=34ms
8327	1789126456383	2	740	admitted	admit=26ms
8330	1789126456385	0	759	admitted	admit=19ms
8345	1789126456400	1	718	admitted	admit=25ms
8352	1789126456407	2	743	admitted	admit=24ms
8361	1789126456416	0	762	admitted	admit=30ms
8371	1789126456426	1	721	admitted	admit=26ms
8379	1789126456435	2	746	admitted	admit=27ms
8390	1789126456445	0	765	admitted	admit=29ms
8395	1789126456451	1	724	admitted	admit=24ms
8401	1789126456456	2	749	admitted	admit=21ms
8416	1789126456472	0	0	first-usable-output	
8416	1789126456472	0	0	chunk-verified	fetch=26ms
8422	1789126456477	1	727	admitted	admit=26ms
8424	1789126456479	2	752	admitted	admit=23ms
8448	1789126456503	0	3	chunk-verified	fetch=31ms
8451	1789126456506	2	755	admitted	admit=26ms
8456	1789126456511	1	730	admitted	admit=34ms
8473	1789126456529	0	6	chunk-verified	fetch=25ms
8476	1789126456532	1	733	admitted	admit=20ms
8489	1789126456544	2	758	admitted	admit=37ms
8498	1789126456554	0	9	chunk-verified	fetch=24ms
8506	1789126456562	1	736	admitted	admit=30ms
8514	1789126456569	2	761	admitted	admit=25ms
8525	1789126456580	0	12	chunk-verified	fetch=26ms
8533	1789126456588	1	739	admitted	admit=26ms
8539	1789126456594	2	764	admitted	admit=24ms
8550	1789126456606	0	15	chunk-verified	fetch=25ms
8558	1789126456614	1	742	admitted	admit=25ms
8569	1789126456624	2	767	admitted	admit=30ms
8582	1789126456637	0	18	chunk-verified	fetch=31ms
8587	1789126456642	1	745	admitted	admit=28ms
8601	1789126456656	2	2	first-usable-output	
8601	1789126456656	2	2	chunk-verified	fetch=32ms
8610	1789126456666	1	748	admitted	admit=23ms
8621	1789126456676	0	21	chunk-verified	fetch=38ms
8634	1789126456689	2	5	chunk-verified	fetch=32ms
8637	1789126456692	1	751	admitted	admit=26ms
8647	1789126456702	0	24	chunk-verified	fetch=26ms
8662	1789126456718	2	8	chunk-verified	fetch=28ms
8673	1789126456729	1	754	admitted	admit=36ms
8682	1789126456738	0	27	chunk-verified	fetch=35ms
8690	1789126456745	2	11	chunk-verified	fetch=27ms
8695	1789126456750	1	757	admitted	admit=21ms
8714	1789126456770	0	30	chunk-verified	fetch=32ms
8722	1789126456778	1	760	admitted	admit=27ms
8728	1789126456783	2	14	chunk-verified	fetch=37ms
8743	1789126456798	0	33	chunk-verified	fetch=28ms
8749	1789126456804	1	763	admitted	admit=26ms
8758	1789126456814	2	17	chunk-verified	fetch=30ms
8766	1789126456821	1	766	admitted	admit=17ms
8773	1789126456829	0	36	chunk-verified	fetch=30ms
8785	1789126456841	2	20	chunk-verified	fetch=26ms
8800	1789126456855	0	39	chunk-verified	fetch=26ms
8800	1789126456855	1	1	first-usable-output	
8800	1789126456855	1	1	chunk-verified	fetch=34ms
8817	1789126456872	2	23	chunk-verified	fetch=31ms
8829	1789126456884	0	42	chunk-verified	fetch=28ms
8834	1789126456889	1	4	chunk-verified	fetch=33ms
8850	1789126456905	2	26	chunk-verified	fetch=32ms
8865	1789126456920	1	7	chunk-verified	fetch=31ms
8868	1789126456923	0	45	chunk-verified	fetch=39ms
8878	1789126456934	2	29	chunk-verified	fetch=28ms
8890	1789126456946	1	10	chunk-verified	fetch=25ms
8907	1789126456962	0	48	chunk-verified	fetch=38ms
8907	1789126456962	2	32	chunk-verified	fetch=28ms
8924	1789126456979	1	13	chunk-verified	fetch=33ms
8936	1789126456991	0	51	chunk-verified	fetch=29ms
8939	1789126456994	2	35	chunk-verified	fetch=32ms
8953	1789126457009	1	16	chunk-verified	fetch=29ms
8969	1789126457024	2	38	chunk-verified	fetch=30ms
8971	1789126457027	0	54	chunk-verified	fetch=35ms
8982	1789126457037	1	19	chunk-verified	fetch=28ms
8992	1789126457047	0	57	chunk-verified	fetch=20ms
8995	1789126457050	2	41	chunk-verified	fetch=25ms
9005	1789126457060	1	22	chunk-verified	fetch=22ms
9017	1789126457072	0	60	chunk-verified	fetch=25ms
9017	1789126457072	2	44	chunk-verified	fetch=22ms
9034	1789126457089	1	25	chunk-verified	fetch=29ms
9036	1789126457092	2	47	chunk-verified	fetch=19ms
9046	1789126457101	0	63	chunk-verified	fetch=29ms
9059	1789126457114	2	50	chunk-verified	fetch=22ms
9064	1789126457119	1	28	chunk-verified	fetch=29ms
9074	1789126457129	0	66	chunk-verified	fetch=27ms
9084	1789126457139	2	53	chunk-verified	fetch=24ms
9094	1789126457149	1	31	chunk-verified	fetch=30ms
9112	1789126457167	0	69	chunk-verified	fetch=38ms
9115	1789126457170	2	56	chunk-verified	fetch=31ms
9122	1789126457178	1	34	chunk-verified	fetch=28ms
9139	1789126457194	0	72	chunk-verified	fetch=26ms
9155	1789126457210	1	37	chunk-verified	fetch=32ms
9155	1789126457210	2	59	chunk-verified	fetch=39ms
9172	1789126457227	0	75	chunk-verified	fetch=32ms
9184	1789126457239	1	40	chunk-verified	fetch=29ms
9184	1789126457239	2	62	chunk-verified	fetch=29ms
9195	1789126457250	0	78	chunk-verified	fetch=23ms
9208	1789126457263	2	65	chunk-verified	fetch=23ms
9211	1789126457266	1	43	chunk-verified	fetch=26ms
9225	1789126457281	0	81	chunk-verified	fetch=30ms
9237	1789126457293	1	46	chunk-verified	fetch=26ms
9246	1789126457301	2	68	chunk-verified	fetch=38ms
9260	1789126457315	0	84	chunk-verified	fetch=34ms
9275	1789126457331	1	49	chunk-verified	fetch=38ms
9290	1789126457345	0	87	chunk-verified	fetch=30ms
9290	1789126457345	2	71	chunk-verified	fetch=43ms
9308	1789126457363	1	52	chunk-verified	fetch=32ms
9321	1789126457376	2	74	chunk-verified	fetch=30ms
9323	1789126457378	0	90	chunk-verified	fetch=33ms
9337	1789126457392	1	55	chunk-verified	fetch=28ms
9350	1789126457406	0	93	chunk-verified	fetch=27ms
9350	1789126457406	2	77	chunk-verified	fetch=29ms
9362	1789126457417	1	58	chunk-verified	fetch=25ms
9380	1789126457435	2	80	chunk-verified	fetch=29ms
9393	1789126457448	0	96	chunk-verified	fetch=42ms
9396	1789126457451	1	61	chunk-verified	fetch=33ms
9409	1789126457464	2	83	chunk-verified	fetch=28ms
9422	1789126457477	0	99	chunk-verified	fetch=29ms
9422	1789126457477	1	64	chunk-verified	fetch=26ms
9430	1789126457485	2	86	chunk-verified	fetch=21ms
9446	1789126457501	0	102	chunk-verified	fetch=23ms
9459	1789126457514	2	89	chunk-verified	fetch=28ms
9461	1789126457516	1	67	chunk-verified	fetch=38ms
9477	1789126457532	0	105	chunk-verified	fetch=30ms
9483	1789126457538	2	92	chunk-verified	fetch=24ms
9501	1789126457556	1	70	chunk-verified	fetch=39ms
9510	1789126457565	0	108	chunk-verified	fetch=32ms
9520	1789126457576	2	95	chunk-verified	fetch=37ms
9531	1789126457586	1	73	chunk-verified	fetch=30ms
9538	1789126457593	0	111	chunk-verified	fetch=28ms
9543	1789126457598	2	98	chunk-verified	fetch=22ms
9556	1789126457612	1	76	chunk-verified	fetch=25ms
9572	1789126457627	2	101	chunk-verified	fetch=28ms
9572	1789126457627	0	114	chunk-verified	fetch=33ms
9588	1789126457643	1	79	chunk-verified	fetch=31ms
9596	1789126457651	0	117	chunk-verified	fetch=24ms
9604	1789126457659	2	104	chunk-verified	fetch=32ms
9615	1789126457671	1	82	chunk-verified	fetch=27ms
9630	1789126457685	0	120	chunk-verified	fetch=33ms
9647	1789126457702	2	107	chunk-verified	fetch=42ms
9650	1789126457705	1	85	chunk-verified	fetch=34ms
9660	1789126457715	0	123	chunk-verified	fetch=29ms
9673	1789126457728	1	88	chunk-verified	fetch=23ms
9688	1789126457743	0	126	chunk-verified	fetch=27ms
9690	1789126457745	2	110	chunk-verified	fetch=43ms
9701	1789126457757	1	91	chunk-verified	fetch=28ms
9714	1789126457769	0	129	chunk-verified	fetch=26ms
9726	1789126457781	2	113	chunk-verified	fetch=36ms
9728	1789126457784	1	94	chunk-verified	fetch=27ms
9745	1789126457801	0	132	chunk-verified	fetch=31ms
9763	1789126457818	2	116	chunk-verified	fetch=36ms
9769	1789126457824	1	97	chunk-verified	fetch=40ms
9783	1789126457838	0	135	chunk-verified	fetch=37ms
9797	1789126457852	1	100	chunk-verified	fetch=27ms
9797	1789126457852	2	119	chunk-verified	fetch=33ms
9809	1789126457864	0	138	chunk-verified	fetch=26ms
9825	1789126457880	2	122	chunk-verified	fetch=28ms
9825	1789126457880	1	103	chunk-verified	fetch=28ms
9838	1789126457893	0	141	chunk-verified	fetch=28ms
9848	1789126457903	2	125	chunk-verified	fetch=23ms
9859	1789126457914	1	106	chunk-verified	fetch=34ms
9879	1789126457934	0	144	chunk-verified	fetch=41ms
9896	1789126457952	2	128	chunk-verified	fetch=48ms
9899	1789126457954	1	109	chunk-verified	fetch=40ms
9915	1789126457970	0	147	chunk-verified	fetch=36ms
9923	1789126457978	1	112	chunk-verified	fetch=23ms
9931	1789126457986	2	131	chunk-verified	fetch=34ms
9939	1789126457994	0	150	chunk-verified	fetch=23ms
9950	1789126458005	2	134	chunk-verified	fetch=18ms
9955	1789126458010	1	115	chunk-verified	fetch=31ms
9965	1789126458020	0	153	chunk-verified	fetch=25ms
9975	1789126458030	2	137	chunk-verified	fetch=24ms
9985	1789126458040	1	118	chunk-verified	fetch=29ms
9997	1789126458053	0	156	chunk-verified	fetch=32ms
10003	1789126458058	2	140	chunk-verified	fetch=28ms
10015	1789126458070	1	121	chunk-verified	fetch=29ms
10029	1789126458085	0	159	chunk-verified	fetch=32ms
10038	1789126458093	2	143	chunk-verified	fetch=34ms
10047	1789126458102	1	124	chunk-verified	fetch=31ms
10054	1789126458109	0	162	chunk-verified	fetch=24ms
10070	1789126458126	1	127	chunk-verified	fetch=23ms
10083	1789126458138	0	165	chunk-verified	fetch=28ms
10100	1789126458155	2	146	chunk-verified	fetch=61ms
10104	1789126458159	1	130	chunk-verified	fetch=33ms
10110	1789126458165	0	168	chunk-verified	fetch=26ms
10130	1789126458185	2	149	chunk-verified	fetch=30ms
10144	1789126458199	1	133	chunk-verified	fetch=39ms
10147	1789126458202	0	171	chunk-verified	fetch=37ms
10169	1789126458224	1	136	chunk-verified	fetch=25ms
10169	1789126458224	2	152	chunk-verified	fetch=39ms
10182	1789126458237	0	174	chunk-verified	fetch=35ms
10195	1789126458250	2	155	chunk-verified	fetch=25ms
10200	1789126458255	1	139	chunk-verified	fetch=30ms
10212	1789126458267	0	177	chunk-verified	fetch=30ms
10229	1789126458285	1	142	chunk-verified	fetch=29ms
10229	1789126458285	2	158	chunk-verified	fetch=34ms
10237	1789126458292	0	180	chunk-verified	fetch=25ms
10253	1789126458308	2	161	chunk-verified	fetch=23ms
10266	1789126458322	1	145	chunk-verified	fetch=36ms
10281	1789126458336	0	183	chunk-verified	fetch=43ms
10284	1789126458339	2	164	chunk-verified	fetch=30ms
10295	1789126458350	1	148	chunk-verified	fetch=28ms
10306	1789126458362	0	186	chunk-verified	fetch=25ms
10318	1789126458373	2	167	chunk-verified	fetch=34ms
10320	1789126458376	1	151	chunk-verified	fetch=25ms
10328	1789126458383	0	189	chunk-verified	fetch=21ms
10356	1789126458411	2	170	chunk-verified	fetch=37ms
10356	1789126458411	1	154	chunk-verified	fetch=35ms
10356	1789126458411	0	192	chunk-verified	fetch=27ms
10377	1789126458432	0	195	chunk-verified	fetch=21ms
10389	1789126458445	1	157	chunk-verified	fetch=33ms
10392	1789126458447	2	173	chunk-verified	fetch=36ms
10409	1789126458464	0	198	chunk-verified	fetch=32ms
10423	1789126458478	2	176	chunk-verified	fetch=31ms
10429	1789126458484	1	160	chunk-verified	fetch=39ms
10437	1789126458492	0	201	chunk-verified	fetch=28ms
10453	1789126458508	2	179	chunk-verified	fetch=29ms
10463	1789126458519	1	163	chunk-verified	fetch=34ms
10463	1789126458519	0	204	chunk-verified	fetch=26ms
10484	1789126458539	2	182	chunk-verified	fetch=30ms
10504	1789126458559	1	166	chunk-verified	fetch=40ms
10504	1789126458559	0	207	chunk-verified	fetch=40ms
10520	1789126458575	2	185	chunk-verified	fetch=36ms
10538	1789126458593	0	210	chunk-verified	fetch=34ms
10538	1789126458593	1	169	chunk-verified	fetch=34ms
10554	1789126458609	2	188	chunk-verified	fetch=34ms
10567	1789126458623	0	213	chunk-verified	fetch=29ms
10570	1789126458625	1	172	chunk-verified	fetch=32ms
10579	1789126458634	2	191	chunk-verified	fetch=24ms
10599	1789126458654	0	216	chunk-verified	fetch=31ms
10599	1789126458654	1	175	chunk-verified	fetch=28ms
10619	1789126458674	2	194	chunk-verified	fetch=39ms
10630	1789126458685	0	219	chunk-verified	fetch=31ms
10636	1789126458691	1	178	chunk-verified	fetch=37ms
10648	1789126458703	2	197	chunk-verified	fetch=29ms
10661	1789126458716	0	222	chunk-verified	fetch=30ms
10664	1789126458719	1	181	chunk-verified	fetch=27ms
10681	1789126458737	2	200	chunk-verified	fetch=33ms
10700	1789126458755	0	225	chunk-verified	fetch=38ms
10700	1789126458755	1	184	chunk-verified	fetch=36ms
10717	1789126458772	2	203	chunk-verified	fetch=35ms
10731	1789126458786	0	228	chunk-verified	fetch=31ms
10731	1789126458786	1	187	chunk-verified	fetch=31ms
10748	1789126458803	2	206	chunk-verified	fetch=31ms
10762	1789126458817	0	231	chunk-verified	fetch=31ms
10762	1789126458817	1	190	chunk-verified	fetch=31ms
10775	1789126458830	2	209	chunk-verified	fetch=26ms
10788	1789126458843	0	234	chunk-verified	fetch=25ms
10788	1789126458843	1	193	chunk-verified	fetch=25ms
10806	1789126458861	1	196	chunk-verified	fetch=18ms
10818	1789126458873	2	212	chunk-verified	fetch=43ms
10823	1789126458879	0	237	chunk-verified	fetch=35ms
10840	1789126458895	1	199	chunk-verified	fetch=33ms
10853	1789126458909	2	215	chunk-verified	fetch=35ms
10862	1789126458917	0	240	chunk-verified	fetch=38ms
10874	1789126458929	1	202	chunk-verified	fetch=34ms
10885	1789126458940	2	218	chunk-verified	fetch=31ms
10899	1789126458954	0	243	chunk-verified	fetch=37ms
10907	1789126458962	1	205	chunk-verified	fetch=32ms
10920	1789126458975	2	221	chunk-verified	fetch=34ms
10927	1789126458982	0	246	chunk-verified	fetch=28ms
10937	1789126458992	1	208	chunk-verified	fetch=30ms
10947	1789126459002	2	224	chunk-verified	fetch=27ms
10959	1789126459014	0	249	chunk-verified	fetch=31ms
10975	1789126459030	2	227	chunk-verified	fetch=27ms
10975	1789126459030	1	211	chunk-verified	fetch=37ms
10989	1789126459044	0	252	chunk-verified	fetch=30ms
11004	1789126459060	2	230	chunk-verified	fetch=29ms
11004	1789126459060	1	214	chunk-verified	fetch=29ms
11023	1789126459079	0	255	chunk-verified	fetch=34ms
11038	1789126459093	2	233	chunk-verified	fetch=33ms
11038	1789126459093	1	217	chunk-verified	fetch=33ms
11061	1789126459116	0	258	chunk-verified	fetch=37ms
11081	1789126459137	1	220	chunk-verified	fetch=43ms
11081	1789126459137	2	236	chunk-verified	fetch=43ms
11094	1789126459150	0	261	chunk-verified	fetch=33ms
11108	1789126459164	1	223	chunk-verified	fetch=27ms
11127	1789126459182	2	239	chunk-verified	fetch=45ms
11127	1789126459183	0	264	chunk-verified	fetch=32ms
11150	1789126459205	1	226	chunk-verified	fetch=41ms
11168	1789126459224	2	242	chunk-verified	fetch=41ms
11168	1789126459224	0	267	chunk-verified	fetch=41ms
11184	1789126459239	1	229	chunk-verified	fetch=33ms
11198	1789126459253	2	245	chunk-verified	fetch=29ms
11198	1789126459253	0	270	chunk-verified	fetch=29ms
11211	1789126459266	1	232	chunk-verified	fetch=27ms
11218	1789126459273	0	273	chunk-verified	fetch=20ms
11232	1789126459287	2	248	chunk-verified	fetch=34ms
11247	1789126459302	0	276	chunk-verified	fetch=29ms
11247	1789126459302	1	235	chunk-verified	fetch=36ms
11265	1789126459321	2	251	chunk-verified	fetch=33ms
11287	1789126459342	1	238	chunk-verified	fetch=39ms
11287	1789126459342	0	279	chunk-verified	fetch=39ms
11301	1789126459356	2	254	chunk-verified	fetch=35ms
11314	1789126459370	1	241	chunk-verified	fetch=27ms
11317	1789126459373	0	282	chunk-verified	fetch=30ms
11334	1789126459389	2	257	chunk-verified	fetch=33ms
11344	1789126459399	1	244	chunk-verified	fetch=29ms
11347	1789126459402	0	285	chunk-verified	fetch=29ms
11359	1789126459414	2	260	chunk-verified	fetch=24ms
11364	1789126459419	1	247	chunk-verified	fetch=20ms
11378	1789126459433	0	288	chunk-verified	fetch=31ms
11380	1789126459436	2	263	chunk-verified	fetch=21ms
11399	1789126459454	1	250	chunk-verified	fetch=34ms
11415	1789126459470	0	291	chunk-verified	fetch=37ms
11415	1789126459470	2	266	chunk-verified	fetch=34ms
11430	1789126459485	1	253	chunk-verified	fetch=31ms
11442	1789126459497	0	294	chunk-verified	fetch=27ms
11451	1789126459506	2	269	chunk-verified	fetch=36ms
11459	1789126459514	1	256	chunk-verified	fetch=28ms
11482	1789126459537	0	297	chunk-verified	fetch=39ms
11498	1789126459554	1	259	chunk-verified	fetch=39ms
11498	1789126459554	2	272	chunk-verified	fetch=47ms
11514	1789126459569	0	300	chunk-verified	fetch=32ms
11530	1789126459585	2	275	chunk-verified	fetch=31ms
11532	1789126459588	1	262	chunk-verified	fetch=34ms
11541	1789126459596	0	303	chunk-verified	fetch=26ms
11560	1789126459615	1	265	chunk-verified	fetch=27ms
11560	1789126459615	2	278	chunk-verified	fetch=30ms
11580	1789126459635	0	306	chunk-verified	fetch=38ms
11586	1789126459641	1	268	chunk-verified	fetch=25ms
11598	1789126459654	2	281	chunk-verified	fetch=38ms
11620	1789126459675	1	271	chunk-verified	fetch=34ms
11625	1789126459680	0	309	chunk-verified	fetch=44ms
11625	1789126459680	2	284	chunk-verified	fetch=26ms
11644	1789126459699	2	287	chunk-verified	fetch=19ms
11654	1789126459709	1	274	chunk-verified	fetch=34ms
11654	1789126459710	0	312	chunk-verified	fetch=29ms
11671	1789126459726	2	290	chunk-verified	fetch=27ms
11688	1789126459744	0	315	chunk-verified	fetch=34ms
11688	1789126459744	1	277	chunk-verified	fetch=34ms
11704	1789126459760	2	293	chunk-verified	fetch=33ms
11729	1789126459784	1	280	chunk-verified	fetch=40ms
11736	1789126459791	0	318	chunk-verified	fetch=47ms
11750	1789126459805	2	296	chunk-verified	fetch=45ms
11758	1789126459813	1	283	chunk-verified	fetch=28ms
11764	1789126459819	0	321	chunk-verified	fetch=28ms
11777	1789126459832	2	299	chunk-verified	fetch=27ms
11788	1789126459843	1	286	chunk-verified	fetch=30ms
11790	1789126459846	0	324	chunk-verified	fetch=26ms
11808	1789126459863	2	302	chunk-verified	fetch=30ms
11821	1789126459877	1	289	chunk-verified	fetch=33ms
11843	1789126459898	2	305	chunk-verified	fetch=35ms
11843	1789126459898	0	327	chunk-verified	fetch=52ms
11864	1789126459919	1	292	chunk-verified	fetch=42ms
11873	1789126459928	0	330	chunk-verified	fetch=29ms
11885	1789126459940	2	308	chunk-verified	fetch=41ms
11904	1789126459959	1	295	chunk-verified	fetch=39ms
11907	1789126459962	0	333	chunk-verified	fetch=34ms
11924	1789126459979	2	311	chunk-verified	fetch=39ms
11937	1789126459993	1	298	chunk-verified	fetch=33ms
11937	1789126459993	0	336	chunk-verified	fetch=30ms
11954	1789126460009	2	314	chunk-verified	fetch=29ms
11964	1789126460019	0	339	chunk-verified	fetch=26ms
11967	1789126460022	1	301	chunk-verified	fetch=29ms
11983	1789126460038	2	317	chunk-verified	fetch=29ms
11996	1789126460052	0	342	chunk-verified	fetch=32ms
11996	1789126460052	1	304	chunk-verified	fetch=29ms
12006	1789126460062	2	320	chunk-verified	fetch=23ms
12029	1789126460084	0	345	chunk-verified	fetch=32ms
12029	1789126460084	1	307	chunk-verified	fetch=32ms
12029	1789126460084	2	323	chunk-verified	fetch=22ms
12056	1789126460111	1	310	chunk-verified	fetch=27ms
12074	1789126460129	0	348	chunk-verified	fetch=45ms
12074	1789126460129	2	326	chunk-verified	fetch=45ms
12092	1789126460147	1	313	chunk-verified	fetch=36ms
12103	1789126460158	2	329	chunk-verified	fetch=28ms
12108	1789126460164	0	351	chunk-verified	fetch=34ms
12124	1789126460180	1	316	chunk-verified	fetch=32ms
12135	1789126460190	2	332	chunk-verified	fetch=31ms
12140	1789126460196	0	354	chunk-verified	fetch=31ms
12146	1789126460201	1	319	chunk-verified	fetch=21ms
12166	1789126460222	2	335	chunk-verified	fetch=31ms
12166	1789126460222	0	357	chunk-verified	fetch=26ms
12186	1789126460241	1	322	chunk-verified	fetch=39ms
12203	1789126460258	2	338	chunk-verified	fetch=36ms
12207	1789126460263	0	360	chunk-verified	fetch=41ms
12221	1789126460276	1	325	chunk-verified	fetch=35ms
12235	1789126460290	2	341	chunk-verified	fetch=32ms
12242	1789126460297	0	363	chunk-verified	fetch=34ms
12248	1789126460303	1	328	chunk-verified	fetch=26ms
12262	1789126460317	2	344	chunk-verified	fetch=26ms
12265	1789126460320	0	366	chunk-verified	fetch=22ms
12280	1789126460336	1	331	chunk-verified	fetch=32ms
12291	1789126460346	2	347	chunk-verified	fetch=29ms
12299	1789126460354	0	369	chunk-verified	fetch=34ms
12308	1789126460363	1	334	chunk-verified	fetch=27ms
12319	1789126460375	2	350	chunk-verified	fetch=28ms
12332	1789126460388	0	372	chunk-verified	fetch=33ms
12346	1789126460401	1	337	chunk-verified	fetch=38ms
12351	1789126460406	2	353	chunk-verified	fetch=31ms
12364	1789126460419	0	375	chunk-verified	fetch=31ms
12380	1789126460435	2	356	chunk-verified	fetch=28ms
12380	1789126460435	1	340	chunk-verified	fetch=33ms
12400	1789126460456	0	378	chunk-verified	fetch=36ms
12403	1789126460458	2	359	chunk-verified	fetch=23ms
12414	1789126460469	1	343	chunk-verified	fetch=34ms
12428	1789126460483	2	362	chunk-verified	fetch=24ms
12428	1789126460483	0	381	chunk-verified	fetch=27ms
12447	1789126460502	1	346	chunk-verified	fetch=33ms
12461	1789126460516	2	365	chunk-verified	fetch=33ms
12467	1789126460522	0	384	chunk-verified	fetch=39ms
12475	1789126460531	1	349	chunk-verified	fetch=28ms
12493	1789126460548	0	387	chunk-verified	fetch=25ms
12493	1789126460548	2	368	chunk-verified	fetch=31ms
12505	1789126460561	1	352	chunk-verified	fetch=30ms
12523	1789126460578	0	390	chunk-verified	fetch=30ms
12523	1789126460578	2	371	chunk-verified	fetch=30ms
12540	1789126460595	1	355	chunk-verified	fetch=34ms
12548	1789126460603	0	393	chunk-verified	fetch=25ms
12557	1789126460612	2	374	chunk-verified	fetch=34ms
12569	1789126460624	1	358	chunk-verified	fetch=28ms
12581	1789126460636	0	396	chunk-verified	fetch=32ms
12586	1789126460642	2	377	chunk-verified	fetch=29ms
12598	1789126460653	1	361	chunk-verified	fetch=29ms
12618	1789126460674	0	399	chunk-verified	fetch=37ms
12638	1789126460694	1	364	chunk-verified	fetch=40ms
12638	1789126460694	2	380	chunk-verified	fetch=51ms
12656	1789126460711	0	402	chunk-verified	fetch=37ms
12674	1789126460729	1	367	chunk-verified	fetch=35ms
12681	1789126460736	2	383	chunk-verified	fetch=42ms
12684	1789126460739	0	405	chunk-verified	fetch=28ms
12706	1789126460761	2	386	chunk-verified	fetch=24ms
12706	1789126460761	1	370	chunk-verified	fetch=32ms
12718	1789126460774	0	408	chunk-verified	fetch=34ms
12738	1789126460793	2	389	chunk-verified	fetch=31ms
12738	1789126460793	1	373	chunk-verified	fetch=31ms
12754	1789126460809	0	411	chunk-verified	fetch=35ms
12757	1789126460812	1	376	chunk-verified	fetch=18ms
12769	1789126460824	2	392	chunk-verified	fetch=31ms
12783	1789126460838	1	379	chunk-verified	fetch=25ms
12783	1789126460838	0	414	chunk-verified	fetch=28ms
12799	1789126460854	2	395	chunk-verified	fetch=29ms
12814	1789126460869	1	382	chunk-verified	fetch=31ms
12817	1789126460872	0	417	chunk-verified	fetch=34ms
12832	1789126460887	2	398	chunk-verified	fetch=33ms
12847	1789126460902	1	385	chunk-verified	fetch=32ms
12853	1789126460908	0	420	chunk-verified	fetch=35ms
12867	1789126460922	2	401	chunk-verified	fetch=34ms
12876	1789126460931	1	388	chunk-verified	fetch=28ms
12892	1789126460947	0	423	chunk-verified	fetch=38ms
12901	1789126460956	2	404	chunk-verified	fetch=33ms
12907	1789126460962	1	391	chunk-verified	fetch=30ms
12918	1789126460973	0	426	chunk-verified	fetch=26ms
12934	1789126460989	2	407	chunk-verified	fetch=32ms
12934	1789126460989	1	394	chunk-verified	fetch=27ms
12949	1789126461004	0	429	chunk-verified	fetch=30ms
12956	1789126461011	2	410	chunk-verified	fetch=22ms
12964	1789126461019	1	397	chunk-verified	fetch=30ms
12977	1789126461033	0	432	chunk-verified	fetch=28ms
12992	1789126461047	2	413	chunk-verified	fetch=36ms
12992	1789126461047	1	400	chunk-verified	fetch=28ms
13013	1789126461068	0	435	chunk-verified	fetch=35ms
13026	1789126461081	1	403	chunk-verified	fetch=33ms
13028	1789126461083	2	416	chunk-verified	fetch=36ms
13043	1789126461098	0	438	chunk-verified	fetch=29ms
13055	1789126461110	2	419	chunk-verified	fetch=26ms
13058	1789126461113	1	406	chunk-verified	fetch=32ms
13078	1789126461134	0	441	chunk-verified	fetch=35ms
13081	1789126461136	2	422	chunk-verified	fetch=25ms
13091	1789126461146	1	409	chunk-verified	fetch=33ms
13104	1789126461160	0	444	chunk-verified	fetch=26ms
13115	1789126461171	2	425	chunk-verified	fetch=34ms
13119	1789126461174	1	412	chunk-verified	fetch=27ms
13136	1789126461191	0	447	chunk-verified	fetch=31ms
13142	1789126461197	2	428	chunk-verified	fetch=26ms
13156	1789126461211	1	415	chunk-verified	fetch=37ms
13172	1789126461227	0	450	chunk-verified	fetch=36ms
13172	1789126461227	2	431	chunk-verified	fetch=30ms
13186	1789126461241	1	418	chunk-verified	fetch=29ms
13203	1789126461259	0	453	chunk-verified	fetch=31ms
13203	1789126461259	2	434	chunk-verified	fetch=31ms
13219	1789126461274	1	421	chunk-verified	fetch=33ms
13231	1789126461286	0	456	chunk-verified	fetch=27ms
13234	1789126461289	2	437	chunk-verified	fetch=30ms
13242	1789126461297	1	424	chunk-verified	fetch=23ms
13260	1789126461315	0	459	chunk-verified	fetch=28ms
13266	1789126461321	2	440	chunk-verified	fetch=32ms
13278	1789126461333	1	427	chunk-verified	fetch=35ms
13292	1789126461347	0	462	chunk-verified	fetch=31ms
13307	1789126461362	2	443	chunk-verified	fetch=40ms
13312	1789126461367	1	430	chunk-verified	fetch=33ms
13327	1789126461382	0	465	chunk-verified	fetch=34ms
13334	1789126461390	1	433	chunk-verified	fetch=22ms
13340	1789126461395	2	446	chunk-verified	fetch=33ms
13354	1789126461410	0	468	chunk-verified	fetch=27ms
13370	1789126461425	1	436	chunk-verified	fetch=35ms
13370	1789126461425	2	449	chunk-verified	fetch=29ms
13382	1789126461437	0	471	chunk-verified	fetch=27ms
13400	1789126461455	2	452	chunk-verified	fetch=30ms
13400	1789126461455	1	439	chunk-verified	fetch=30ms
13412	1789126461467	0	474	chunk-verified	fetch=29ms
13426	1789126461481	2	455	chunk-verified	fetch=26ms
13426	1789126461481	1	442	chunk-verified	fetch=26ms
13440	1789126461496	0	477	chunk-verified	fetch=28ms
13455	1789126461511	2	458	chunk-verified	fetch=29ms
13455	1789126461511	1	445	chunk-verified	fetch=29ms
13469	1789126461525	0	480	chunk-verified	fetch=29ms
13480	1789126461535	2	461	chunk-verified	fetch=24ms
13482	1789126461537	1	448	chunk-verified	fetch=26ms
13495	1789126461550	0	483	chunk-verified	fetch=25ms
13509	1789126461564	2	464	chunk-verified	fetch=29ms
13523	1789126461578	1	451	chunk-verified	fetch=40ms
13527	1789126461582	0	486	chunk-verified	fetch=31ms
13532	1789126461587	2	467	chunk-verified	fetch=23ms
13553	1789126461608	1	454	chunk-verified	fetch=30ms
13565	1789126461620	0	489	chunk-verified	fetch=38ms
13570	1789126461626	2	470	chunk-verified	fetch=38ms
13584	1789126461639	1	457	chunk-verified	fetch=30ms
13597	1789126461652	2	473	chunk-verified	fetch=26ms
13604	1789126461659	0	492	chunk-verified	fetch=38ms
13617	1789126461672	1	460	chunk-verified	fetch=32ms
13630	1789126461686	2	476	chunk-verified	fetch=33ms
13630	1789126461686	0	495	chunk-verified	fetch=26ms
13639	1789126461694	1	463	chunk-verified	fetch=22ms
13656	1789126461711	0	498	chunk-verified	fetch=25ms
13673	1789126461728	1	466	chunk-verified	fetch=34ms
13673	1789126461728	2	479	chunk-verified	fetch=42ms
13689	1789126461745	0	501	chunk-verified	fetch=33ms
13701	1789126461757	1	469	chunk-verified	fetch=28ms
13701	1789126461757	2	482	chunk-verified	fetch=28ms
13712	1789126461767	0	504	chunk-verified	fetch=22ms
13720	1789126461775	1	472	chunk-verified	fetch=18ms
13727	1789126461783	2	485	chunk-verified	fetch=25ms
13745	1789126461800	0	507	chunk-verified	fetch=32ms
13758	1789126461813	1	475	chunk-verified	fetch=38ms
13767	1789126461822	2	488	chunk-verified	fetch=39ms
13769	1789126461825	0	510	chunk-verified	fetch=24ms
13787	1789126461843	1	478	chunk-verified	fetch=29ms
13802	1789126461857	2	491	chunk-verified	fetch=35ms
13802	1789126461857	0	513	chunk-verified	fetch=32ms
13816	1789126461871	1	481	chunk-verified	fetch=28ms
13826	1789126461881	2	494	chunk-verified	fetch=24ms
13829	1789126461884	0	516	chunk-verified	fetch=26ms
13842	1789126461897	1	484	chunk-verified	fetch=25ms
13853	1789126461908	0	519	chunk-verified	fetch=24ms
13858	1789126461914	2	497	chunk-verified	fetch=32ms
13876	1789126461931	1	487	chunk-verified	fetch=34ms
13894	1789126461949	2	500	chunk-verified	fetch=35ms
13894	1789126461949	0	522	chunk-verified	fetch=40ms
13906	1789126461961	1	490	chunk-verified	fetch=29ms
13918	1789126461973	2	503	chunk-verified	fetch=24ms
13930	1789126461985	0	525	chunk-verified	fetch=35ms
13938	1789126461993	1	493	chunk-verified	fetch=31ms
13951	1789126462006	2	506	chunk-verified	fetch=33ms
13962	1789126462018	0	528	chunk-verified	fetch=32ms
13968	1789126462023	1	496	chunk-verified	fetch=30ms
13984	1789126462039	2	509	chunk-verified	fetch=32ms
13989	1789126462044	0	531	chunk-verified	fetch=26ms
13997	1789126462052	1	499	chunk-verified	fetch=28ms
14018	1789126462073	2	512	chunk-verified	fetch=34ms
14018	1789126462073	0	534	chunk-verified	fetch=29ms
14037	1789126462093	0	537	chunk-verified	fetch=19ms
14037	1789126462093	1	502	chunk-verified	fetch=40ms
14046	1789126462101	2	515	chunk-verified	fetch=28ms
14063	1789126462119	1	505	chunk-verified	fetch=25ms
14077	1789126462132	2	518	chunk-verified	fetch=30ms
14079	1789126462134	0	540	chunk-verified	fetch=41ms
14089	1789126462144	1	508	chunk-verified	fetch=25ms
14106	1789126462161	2	521	chunk-verified	fetch=29ms
14106	1789126462162	0	543	chunk-verified	fetch=27ms
14125	1789126462180	1	511	chunk-verified	fetch=35ms
14140	1789126462195	2	524	chunk-verified	fetch=33ms
14142	1789126462198	0	546	chunk-verified	fetch=36ms
14164	1789126462219	1	514	chunk-verified	fetch=38ms
14168	1789126462224	2	527	chunk-verified	fetch=28ms
14191	1789126462246	0	549	chunk-verified	fetch=48ms
14205	1789126462260	1	517	chunk-verified	fetch=41ms
14219	1789126462274	2	530	chunk-verified	fetch=50ms
14230	1789126462285	0	552	chunk-verified	fetch=39ms
14238	1789126462293	1	520	chunk-verified	fetch=32ms
14254	1789126462309	2	533	chunk-verified	fetch=34ms
14259	1789126462314	0	555	chunk-verified	fetch=28ms
14272	1789126462328	1	523	chunk-verified	fetch=34ms
14285	1789126462340	2	536	chunk-verified	fetch=31ms
14288	1789126462343	0	558	chunk-verified	fetch=29ms
14304	1789126462360	1	526	chunk-verified	fetch=31ms
14312	1789126462367	2	539	chunk-verified	fetch=26ms
14327	1789126462382	0	561	chunk-verified	fetch=38ms
14344	1789126462399	1	529	chunk-verified	fetch=39ms
14347	1789126462402	2	542	chunk-verified	fetch=34ms
14361	1789126462416	0	564	chunk-verified	fetch=34ms
14376	1789126462431	1	532	chunk-verified	fetch=31ms
14376	1789126462431	2	545	chunk-verified	fetch=28ms
14389	1789126462444	0	567	chunk-verified	fetch=27ms
14405	1789126462460	2	548	chunk-verified	fetch=28ms
14405	1789126462460	1	535	chunk-verified	fetch=28ms
14421	1789126462476	0	570	chunk-verified	fetch=31ms
14433	1789126462489	2	551	chunk-verified	fetch=28ms
14433	1789126462489	1	538	chunk-verified	fetch=28ms
14452	1789126462508	0	573	chunk-verified	fetch=31ms
14466	1789126462522	2	554	chunk-verified	fetch=32ms
14472	1789126462527	1	541	chunk-verified	fetch=38ms
14486	1789126462541	0	576	chunk-verified	fetch=33ms
14492	1789126462547	2	557	chunk-verified	fetch=25ms
14502	1789126462557	1	544	chunk-verified	fetch=30ms
14510	1789126462565	0	579	chunk-verified	fetch=23ms
14527	1789126462582	2	560	chunk-verified	fetch=34ms
14540	1789126462595	1	547	chunk-verified	fetch=37ms
14540	1789126462595	0	582	chunk-verified	fetch=29ms
14558	1789126462613	2	563	chunk-verified	fetch=31ms
14560	1789126462616	0	585	chunk-verified	fetch=20ms
14574	1789126462630	1	550	chunk-verified	fetch=34ms
14588	1789126462643	0	588	chunk-verified	fetch=27ms
14588	1789126462643	2	566	chunk-verified	fetch=30ms
14605	1789126462660	1	553	chunk-verified	fetch=30ms
14613	1789126462669	2	569	chunk-verified	fetch=25ms
14625	1789126462680	0	591	chunk-verified	fetch=36ms
14632	1789126462687	1	556	chunk-verified	fetch=27ms
14640	1789126462695	2	572	chunk-verified	fetch=26ms
14648	1789126462703	0	594	chunk-verified	fetch=23ms
14655	1789126462711	1	559	chunk-verified	fetch=23ms
14668	1789126462724	2	575	chunk-verified	fetch=28ms
14676	1789126462732	0	597	chunk-verified	fetch=28ms
14687	1789126462742	1	562	chunk-verified	fetch=31ms
14700	1789126462755	2	578	chunk-verified	fetch=31ms
14713	1789126462769	1	565	chunk-verified	fetch=26ms
14713	1789126462769	0	600	chunk-verified	fetch=37ms
14724	1789126462779	2	581	chunk-verified	fetch=24ms
14747	1789126462803	1	568	chunk-verified	fetch=34ms
14747	1789126462803	0	603	chunk-verified	fetch=34ms
14770	1789126462825	2	584	chunk-verified	fetch=45ms
14780	1789126462835	1	571	chunk-verified	fetch=32ms
14780	1789126462835	0	606	chunk-verified	fetch=32ms
14793	1789126462848	2	587	chunk-verified	fetch=23ms
14803	1789126462858	1	574	chunk-verified	fetch=22ms
14811	1789126462866	0	609	chunk-verified	fetch=31ms
14819	1789126462874	2	590	chunk-verified	fetch=25ms
14827	1789126462882	1	577	chunk-verified	fetch=24ms
14842	1789126462898	2	593	chunk-verified	fetch=23ms
14842	1789126462898	0	612	chunk-verified	fetch=31ms
14856	1789126462911	1	580	chunk-verified	fetch=29ms
14868	1789126462923	0	615	chunk-verified	fetch=25ms
14868	1789126462923	2	596	chunk-verified	fetch=25ms
14893	1789126462949	1	583	chunk-verified	fetch=37ms
14910	1789126462965	2	599	chunk-verified	fetch=41ms
14910	1789126462965	0	618	chunk-verified	fetch=41ms
14918	1789126462973	1	586	chunk-verified	fetch=24ms
14938	1789126462993	0	621	chunk-verified	fetch=27ms
14938	1789126462993	2	602	chunk-verified	fetch=27ms
14938	1789126462993	1	589	chunk-verified	fetch=20ms
14961	1789126463016	1	592	chunk-verified	fetch=23ms
14976	1789126463031	2	605	chunk-verified	fetch=38ms
14976	1789126463031	0	624	chunk-verified	fetch=38ms
14990	1789126463045	1	595	chunk-verified	fetch=28ms
15006	1789126463061	0	627	chunk-verified	fetch=29ms
15006	1789126463061	2	608	chunk-verified	fetch=29ms
15025	1789126463080	1	598	chunk-verified	fetch=35ms
15036	1789126463092	0	630	chunk-verified	fetch=30ms
15046	1789126463101	1	601	chunk-verified	fetch=21ms
15046	1789126463101	2	611	chunk-verified	fetch=40ms
15064	1789126463119	0	633	chunk-verified	fetch=27ms
15086	1789126463142	2	614	chunk-verified	fetch=40ms
15086	1789126463142	1	604	chunk-verified	fetch=40ms
15097	1789126463152	0	636	chunk-verified	fetch=33ms
15112	1789126463167	2	617	chunk-verified	fetch=25ms
15123	1789126463178	1	607	chunk-verified	fetch=36ms
15137	1789126463192	2	620	chunk-verified	fetch=24ms
15137	1789126463192	0	639	chunk-verified	fetch=39ms
15153	1789126463208	1	610	chunk-verified	fetch=30ms
15167	1789126463223	2	623	chunk-verified	fetch=30ms
15167	1789126463223	0	642	chunk-verified	fetch=30ms
15180	1789126463235	1	613	chunk-verified	fetch=26ms
15195	1789126463250	0	645	chunk-verified	fetch=27ms
15195	1789126463250	2	626	chunk-verified	fetch=27ms
15205	1789126463261	1	616	chunk-verified	fetch=25ms
15229	1789126463284	0	648	chunk-verified	fetch=33ms
15231	1789126463287	1	619	chunk-verified	fetch=25ms
15231	1789126463287	2	629	chunk-verified	fetch=36ms
15257	1789126463312	1	622	chunk-verified	fetch=25ms
15257	1789126463312	2	632	chunk-verified	fetch=25ms
15259	1789126463314	0	651	chunk-verified	fetch=30ms
15281	1789126463337	0	654	chunk-verified	fetch=22ms
15295	1789126463350	1	625	chunk-verified	fetch=38ms
15298	1789126463353	2	635	chunk-verified	fetch=41ms
15310	1789126463366	0	657	chunk-verified	fetch=28ms
15323	1789126463378	2	638	chunk-verified	fetch=24ms
15327	1789126463383	1	628	chunk-verified	fetch=32ms
15342	1789126463398	0	660	chunk-verified	fetch=31ms
15348	1789126463403	2	641	chunk-verified	fetch=25ms
15360	1789126463415	1	631	chunk-verified	fetch=32ms
15368	1789126463423	0	663	chunk-verified	fetch=25ms
15376	1789126463431	2	644	chunk-verified	fetch=28ms
15389	1789126463444	1	634	chunk-verified	fetch=28ms
15389	1789126463444	0	666	chunk-verified	fetch=21ms
15403	1789126463458	2	647	chunk-verified	fetch=27ms
15419	1789126463474	0	669	chunk-verified	fetch=30ms
15436	1789126463491	2	650	chunk-verified	fetch=32ms
15438	1789126463493	1	637	chunk-verified	fetch=48ms
15453	1789126463508	0	672	chunk-verified	fetch=34ms
15464	1789126463519	2	653	chunk-verified	fetch=28ms
15471	1789126463526	1	640	chunk-verified	fetch=33ms
15490	1789126463545	0	675	chunk-verified	fetch=36ms
15505	1789126463561	1	643	chunk-verified	fetch=34ms
15505	1789126463561	2	656	chunk-verified	fetch=41ms
15521	1789126463576	0	678	chunk-verified	fetch=31ms
15535	1789126463590	1	646	chunk-verified	fetch=29ms
15537	1789126463592	2	659	chunk-verified	fetch=31ms
15556	1789126463612	0	681	chunk-verified	fetch=35ms
15570	1789126463625	1	649	chunk-verified	fetch=35ms
15570	1789126463626	2	662	chunk-verified	fetch=33ms
15585	1789126463640	0	684	chunk-verified	fetch=28ms
15610	1789126463666	1	652	chunk-verified	fetch=40ms
15613	1789126463668	2	665	chunk-verified	fetch=42ms
15628	1789126463683	0	687	chunk-verified	fetch=43ms
15631	1789126463686	1	655	chunk-verified	fetch=20ms
15644	1789126463699	2	668	chunk-verified	fetch=31ms
15659	1789126463714	0	690	chunk-verified	fetch=30ms
15659	1789126463714	1	658	chunk-verified	fetch=28ms
15677	1789126463732	2	671	chunk-verified	fetch=32ms
15683	1789126463738	1	661	chunk-verified	fetch=23ms
15691	1789126463746	0	693	chunk-verified	fetch=31ms
15708	1789126463763	2	674	chunk-verified	fetch=30ms
15721	1789126463776	0	696	chunk-verified	fetch=29ms
15724	1789126463779	1	664	chunk-verified	fetch=40ms
15742	1789126463798	2	677	chunk-verified	fetch=34ms
15757	1789126463812	0	699	chunk-verified	fetch=36ms
15760	1789126463815	1	667	chunk-verified	fetch=36ms
15776	1789126463831	2	680	chunk-verified	fetch=33ms
15799	1789126463854	1	670	chunk-verified	fetch=38ms
15799	1789126463854	0	702	chunk-verified	fetch=41ms
15814	1789126463870	2	683	chunk-verified	fetch=38ms
15849	1789126463905	1	673	chunk-verified	fetch=50ms
15849	1789126463905	0	705	chunk-verified	fetch=50ms
15867	1789126463922	2	686	chunk-verified	fetch=52ms
15879	1789126463934	0	708	chunk-verified	fetch=29ms
15886	1789126463941	1	676	chunk-verified	fetch=36ms
15902	1789126463957	2	689	chunk-verified	fetch=35ms
15912	1789126463967	0	711	chunk-verified	fetch=33ms
15924	1789126463980	1	679	chunk-verified	fetch=38ms
15942	1789126463997	0	714	chunk-verified	fetch=30ms
15942	1789126463997	2	692	chunk-verified	fetch=39ms
15957	1789126464012	1	682	chunk-verified	fetch=32ms
15969	1789126464024	0	717	chunk-verified	fetch=26ms
15975	1789126464030	2	695	chunk-verified	fetch=32ms
16023	1789126464079	1	685	chunk-verified	fetch=66ms
16044	1789126464099	2	698	chunk-verified	fetch=68ms
16044	1789126464099	0	720	chunk-verified	fetch=74ms
16059	1789126464114	1	688	chunk-verified	fetch=35ms
16077	1789126464132	2	701	chunk-verified	fetch=33ms
16077	1789126464132	0	723	chunk-verified	fetch=33ms
16086	1789126464141	1	691	chunk-verified	fetch=27ms
16102	1789126464157	0	726	chunk-verified	fetch=25ms
16105	1789126464160	2	704	chunk-verified	fetch=28ms
16115	1789126464170	1	694	chunk-verified	fetch=28ms
16125	1789126464181	2	707	chunk-verified	fetch=20ms
16128	1789126464183	0	729	chunk-verified	fetch=25ms
16142	1789126464197	1	697	chunk-verified	fetch=27ms
16153	1789126464209	2	710	chunk-verified	fetch=28ms
16164	1789126464219	0	732	chunk-verified	fetch=35ms
16175	1789126464230	1	700	chunk-verified	fetch=32ms
16195	1789126464251	2	713	chunk-verified	fetch=41ms
16195	1789126464251	0	735	chunk-verified	fetch=31ms
16209	1789126464264	1	703	chunk-verified	fetch=33ms
16224	1789126464280	2	716	chunk-verified	fetch=28ms
16224	1789126464280	0	738	chunk-verified	fetch=28ms
16234	1789126464289	1	706	chunk-verified	fetch=24ms
16241	1789126464296	0	741	chunk-verified	fetch=16ms
16246	1789126464301	2	719	chunk-verified	fetch=21ms
16255	1789126464310	1	709	chunk-verified	fetch=21ms
16272	1789126464327	2	722	chunk-verified	fetch=25ms
16272	1789126464327	0	744	chunk-verified	fetch=30ms
16286	1789126464341	1	712	chunk-verified	fetch=31ms
16303	1789126464358	0	747	chunk-verified	fetch=31ms
16303	1789126464358	2	725	chunk-verified	fetch=31ms
16316	1789126464371	1	715	chunk-verified	fetch=29ms
16336	1789126464391	1	718	chunk-verified	fetch=20ms
16336	1789126464391	2	728	chunk-verified	fetch=33ms
16336	1789126464391	0	750	chunk-verified	fetch=33ms
16351	1789126464406	1	721	chunk-verified	fetch=14ms
16363	1789126464418	0	753	chunk-verified	fetch=26ms
16363	1789126464418	2	731	chunk-verified	fetch=26ms
16371	1789126464426	1	724	chunk-verified	fetch=20ms
16383	1789126464438	0	756	chunk-verified	fetch=20ms
16399	1789126464455	1	727	chunk-verified	fetch=28ms
16399	1789126464455	2	734	chunk-verified	fetch=36ms
16447	1789126464502	0	759	chunk-verified	fetch=64ms
16493	1789126464548	1	730	chunk-verified	fetch=93ms
16493	1789126464548	2	737	chunk-verified	fetch=93ms
16500	1789126464555	0	762	chunk-verified	fetch=52ms
16513	1789126464568	2	740	chunk-verified	fetch=20ms
16524	1789126464579	1	733	chunk-verified	fetch=31ms
16529	1789126464584	0	765	chunk-verified	fetch=28ms
16529	1789126464584	0	-1	commits	256 chunks
16529	1789126464584	0	-1	session-close	
16541	1789126464596	2	743	chunk-verified	fetch=27ms
16545	1789126464600	1	736	chunk-verified	fetch=20ms
16562	1789126464617	2	746	chunk-verified	fetch=21ms
16574	1789126464629	1	739	chunk-verified	fetch=28ms
16585	1789126464640	2	749	chunk-verified	fetch=22ms
16598	1789126464653	1	742	chunk-verified	fetch=24ms
16609	1789126464665	2	752	chunk-verified	fetch=24ms
16618	1789126464673	1	745	chunk-verified	fetch=19ms
16633	1789126464688	2	755	chunk-verified	fetch=23ms
16646	1789126464701	1	748	chunk-verified	fetch=28ms
16660	1789126464715	2	758	chunk-verified	fetch=26ms
16671	1789126464727	1	751	chunk-verified	fetch=25ms
16680	1789126464735	2	761	chunk-verified	fetch=20ms
16692	1789126464747	1	754	chunk-verified	fetch=20ms
16703	1789126464759	2	764	chunk-verified	fetch=23ms
16716	1789126464772	1	757	chunk-verified	fetch=24ms
16730	1789126464785	2	767	chunk-verified	fetch=26ms
16730	1789126464785	2	-1	commits	256 chunks
16730	1789126464785	2	-1	session-close	
16742	1789126464798	1	760	chunk-verified	fetch=25ms
16765	1789126464821	1	763	chunk-verified	fetch=22ms
16783	1789126464838	1	766	chunk-verified	fetch=17ms
16783	1789126464838	1	-1	commits	256 chunks
16783	1789126464838	1	-1	session-close	
0	1789126464947	-	-	final-verified	50331648 bytes
