# pipestream-resources-v1	interval_ms=100
1	4	279565	272166	272164	16344	16344	50	18	8192	2940928	-	-
2	104	279565	272166	272164	17880	17880	50	15	8192	5480448	-	-
3	203	279565	272166	272164	17880	17880	50	15	8192	6725632	-	-
4	304	279565	272166	272164	17912	17912	50	15	8192	8241152	-	-
5	404	279565	272166	272164	18120	18120	50	15	8192	9846784	-	-
6	504	279565	272166	272164	18160	18160	50	15	8192	10985472	-	-
7	604	279565	272166	272164	18164	18164	50	15	8192	12328960	-	-
8	704	279565	272166	272164	18172	18172	50	15	8192	13639680	-	-
9	804	279565	272166	272164	18208	18208	50	18	8192	14852096	-	-
10	903	279565	272166	272164	18176	18176	50	15	12288	16130048	-	-
11	1003	279565	272166	272164	18180	18180	50	15	12288	17408000	-	-
12	1104	279565	272166	272164	18180	18180	50	15	16384	18718720	-	-
13	1203	279565	272166	272164	18184	18184	50	16	16384	19931136	-	-
14	1304	279565	272166	272164	18184	18184	50	15	16384	21172224	-	-
15	1404	279565	272166	272164	18184	18184	50	15	16384	22351872	-	-
16	1504	279565	272166	272164	18184	18184	50	15	16384	23433216	-	-
17	1604	279565	272166	272164	18184	18184	50	15	16384	24711168	-	-
18	1705	279565	272166	272164	18216	18216	50	18	16384	25956352	-	-
19	1804	279565	272166	272164	18220	18220	50	20	24576	27201536	-	-
20	1905	279565	272166	272164	18188	18188	50	15	32768	28381184	-	-
21	2004	279565	272166	272164	18192	18192	50	15	32768	29556736	-	-
22	2105	279565	272166	272164	18192	18192	50	15	32768	30769152	-	-
23	2204	279565	272166	272164	18192	18192	50	15	32768	31981568	-	-
24	2305	279565	272166	272164	18196	18196	50	15	32768	33161216	-	-
25	2405	279565	272166	272164	18200	18200	50	17	32768	34107392	-	-
26	2505	279565	272166	272164	18200	18200	50	15	32768	35385344	-	-
27	2605	279565	272166	272164	18204	18204	50	15	32768	36564992	-	-
28	2705	279565	272166	272164	18204	18204	50	15	32768	37810176	-	-
29	2805	279565	272166	272164	18236	18236	50	18	32768	39120896	-	-
30	2905	279565	272166	272164	18204	18204	50	15	32768	40366080	-	-
31	3005	279565	272166	272164	18204	18204	50	15	32768	41603072	-	-
32	3105	279565	272166	272164	18236	18236	50	18	32768	42815488	-	-
33	3205	279565	272166	272164	18236	18236	50	18	32768	43929600	-	-
34	3306	279565	272166	272164	18244	18244	50	18	32768	45207552	-	-
35	3406	279565	272166	272164	18212	18212	50	15	32768	46288896	-	-
36	3506	279565	272166	272164	18212	18212	50	17	32768	47501312	-	-
37	3606	279565	272166	272164	18212	18212	50	15	32768	48812032	-	-
38	3704	279565	272166	272164	18212	18212	50	15	32768	50057216	-	-
39	3804	279565	272166	272164	18216	18216	50	16	32768	51204096	-	-
40	3904	279565	272166	272164	18216	18216	50	15	32768	52514816	-	-
41	4006	279565	272166	272164	18216	18216	50	15	32768	53792768	-	-
42	4106	279565	272166	272164	18216	18216	50	15	32768	55037952	-	-
43	4206	279565	272166	272164	18216	18216	50	15	32768	56119296	-	-
44	4306	279565	272166	272164	18236	18236	50	15	32768	57143296	-	-
45	4406	279565	272166	272164	18388	18388	50	15	32768	58904576	-	-
46	4506	279565	272166	272164	18408	18408	50	15	32768	60305408	-	-
47	4606	279565	272166	272164	18448	18448	50	15	32768	61616128	-	-
48	4706	279565	272166	272164	18452	18452	50	15	32768	62631936	-	-
49	4806	279565	272166	272164	18452	18452	50	15	32768	63844352	-	-
50	4906	279565	272166	272164	18452	18452	50	15	32768	65089536	-	-
51	5007	279565	272166	272164	18456	18456	50	15	32768	66367488	-	-
52	5107	279565	272166	272164	18456	18456	50	12	32768	67645440	-	-
53	5206	279565	272166	272164	18456	18456	50	12	32768	68890624	-	-
54	5307	279565	272166	272164	18456	18456	50	12	32768	70168576	-	-
55	5406	279565	272166	272164	18456	18456	50	12	32768	71315456	-	-
56	5506	279565	272166	272164	18456	18456	50	12	32768	72527872	-	-
57	5607	279565	272166	272164	18456	18456	50	12	32768	73740288	-	-
58	5707	279565	272166	272164	18456	18456	50	12	32768	75018240	-	-
59	5806	279565	272166	272164	18456	18456	50	12	32768	76328960	-	-
60	5907	279565	272166	272164	18456	18456	50	12	32768	77508608	-	-
61	6006	279565	272166	272164	18488	18488	50	15	32768	78688256	-	-
62	6107	279565	272166	272164	18456	18456	50	12	32768	79568896	-	-
63	6207	279565	272166	272164	18456	18456	50	12	32768	80879616	-	-
64	6307	279565	272166	272164	18456	18456	50	12	32768	81989632	-	-
65	6407	279565	272166	272164	18456	18456	50	12	32768	83169280	-	-
66	6507	279565	272166	272164	18456	18456	50	12	32768	84348928	-	-
67	6607	279565	272166	272164	18456	18456	50	12	32768	85524480	-	-
68	6707	279565	272166	272164	18488	18488	50	15	32768	86835200	-	-
69	6807	279565	272166	272164	18460	18460	50	12	32768	88080384	-	-
70	6907	279565	272166	272164	18496	18496	50	14	32768	89325568	-	-
71	7007	279565	272166	272164	18464	18464	50	13	32768	90537984	-	-
72	7108	279565	272166	272164	18464	18464	50	12	32768	91652096	-	-
73	7207	279565	272166	272164	18464	18464	50	12	32768	92864512	-	-
74	7308	279565	272166	272164	18464	18464	50	12	32768	94175232	-	-
75	7407	279565	272166	272164	18464	18464	50	12	32768	95485952	-	-
76	7508	279565	272166	272164	18464	18464	50	12	32768	96665600	-	-
77	7608	279565	272166	272164	18464	18464	50	12	32768	97976320	-	-
78	7708	279565	272166	272164	18464	18464	50	12	32768	99188736	-	-
79	7808	279565	272166	272164	18464	18464	50	12	32768	100466688	-	-
80	7907	279565	272166	272164	18496	18496	50	16	32768	101679104	-	-
81	8007	279565	272166	272164	18464	18464	50	12	32768	102760448	-	-
82	8108	279565	272166	272164	18464	18464	50	12	32768	103809024	-	-
83	8208	279565	272166	272164	18500	18500	50	17	32768	105054208	-	-
84	8308	279565	272166	272164	18484	18484	50	12	32768	106274816	-	-
85	8408	279565	272166	272164	18728	18728	50	12	32768	108040192	-	-
86	8508	279565	272166	272164	18768	18768	50	15	32768	109277184	-	-
87	8609	279565	272166	272164	18756	18756	50	12	32768	110456832	-	-
88	8708	279565	272166	272164	18756	18756	50	12	32768	111570944	-	-
89	8808	279565	272166	272164	18756	18756	50	12	32768	112816128	-	-
90	8909	279565	272166	272164	18760	18760	50	12	32768	114061312	-	-
91	9009	279565	272166	272164	18760	18760	50	12	32768	115339264	-	-
92	9109	279565	272166	272164	18760	18760	50	12	32768	116449280	-	-
93	9208	279565	272166	272164	18764	18764	50	12	32768	117760000	-	-
94	9309	279565	272166	272164	18764	18764	50	12	32768	119037952	-	-
95	9408	279565	272166	272164	18764	18764	50	12	32768	120184832	-	-
96	9508	279565	272166	272164	18764	18764	50	12	32768	121397248	-	-
97	9609	279565	272166	272164	18764	18764	50	12	32768	122642432	-	-
98	9709	279565	272166	272164	18764	18764	50	12	32768	123920384	-	-
99	9809	279565	272166	272164	18796	18796	50	19	32768	124936192	-	-
100	9909	279565	272166	272164	18764	18764	50	14	32768	125886464	-	-
101	10008	279565	272166	272164	18764	18764	50	12	32768	127098880	-	-
102	10109	279565	272166	272164	18764	18764	50	12	32768	128372736	-	-
103	10209	279565	272166	272164	18764	18764	50	12	32768	129519616	-	-
104	10310	279565	272166	272164	18764	18764	50	12	32768	130830336	-	-
105	10409	279565	272166	272164	18764	18764	50	12	32768	132042752	-	-
106	10510	279565	272166	272164	18764	18764	50	12	32768	133320704	-	-
107	10610	279565	272166	272164	18764	18764	50	12	49152	134303744	-	-
108	10710	279565	272166	272164	18764	18764	50	12	57344	135380992	-	-
109	10809	279565	272166	272164	18764	18764	50	14	77824	136359936	-	-
110	10908	279565	272166	272164	18764	18764	50	12	94208	137342976	-	-
111	11008	279565	272166	272164	18764	18764	50	12	102400	138653696	-	-
112	11109	279565	272166	272164	18764	18764	50	12	114688	139866112	-	-
113	11208	279565	272166	272164	18764	18764	50	12	114688	141045760	-	-
114	11310	279565	272166	272164	18764	18764	50	12	122880	142225408	-	-
115	11409	279565	272166	272164	18764	18764	50	12	126976	143536128	-	-
116	11509	279565	272166	272164	18764	18764	50	12	131072	144814080	-	-
117	11610	279565	272166	272164	18764	18764	50	12	135168	145731584	-	-
118	11710	279565	272166	272164	18764	18764	50	12	135168	146976768	-	-
119	11809	279565	272166	272164	18764	18764	50	12	143360	148221952	-	-
120	11909	279565	272166	272164	18764	18764	50	12	143360	149532672	-	-
121	12009	279565	272166	272164	18764	18764	50	12	151552	150712320	-	-
122	12109	279565	272166	272164	18764	18764	50	12	151552	151924736	-	-
123	12209	279565	272166	272164	18764	18764	50	12	159744	153137152	-	-
124	12310	279565	272166	272164	18784	18784	50	12	159744	154456064	-	-
125	12410	279565	272166	272164	18928	18928	50	13	159744	156123136	-	-
126	12510	279565	272166	272164	18932	18932	50	12	159744	157425664	-	-
127	12611	279565	272166	272164	18948	18948	50	12	159744	158736384	-	-
128	12710	279565	272166	272164	18948	18948	50	12	159744	159686656	-	-
129	12809	279565	272166	272164	18948	18948	50	12	159744	160927744	-	-
130	12909	279565	272166	272164	18948	18948	50	12	159744	162107392	-	-
131	13010	279565	272166	272164	18948	18948	50	12	159744	163348480	-	-
132	13109	279565	272166	272164	18948	18948	50	12	159744	164524032	-	-
133	13209	279565	272166	272164	18948	18948	50	12	159744	165834752	-	-
134	13311	279565	272166	272164	18984	18984	50	15	159744	167112704	-	-
135	13410	279565	272166	272164	18952	18952	50	12	159744	168292352	-	-
136	13510	279565	272166	272164	18960	18960	50	12	159744	169373696	-	-
137	13611	279565	272166	272164	18992	18992	50	16	159744	170549248	-	-
138	13711	279565	272166	272164	18960	18960	50	12	159744	171728896	-	-
139	13811	279565	272166	272164	18960	18960	50	12	159744	172908544	-	-
140	13910	279565	272166	272164	18960	18960	50	12	159744	174153728	-	-
141	14010	279565	272166	272164	18960	18960	50	12	159744	175267840	-	-
142	14110	279565	272166	272164	18960	18960	50	12	159744	176513024	-	-
143	14210	279565	272166	272164	18960	18960	50	12	159744	177528832	-	-
144	14312	279565	272166	272164	18960	18960	50	12	159744	178610176	-	-
145	14410	279565	272166	272164	18960	18960	50	12	159744	179855360	-	-
146	14510	279565	272166	272164	18992	18992	50	14	159744	181129216	-	-
147	14611	279565	272166	272164	18960	18960	50	12	159744	182407168	-	-
148	14711	279565	272166	272164	18960	18960	50	13	159744	183685120	-	-
149	14811	279565	272166	272164	18960	18960	50	12	159744	184963072	-	-
150	14911	279565	272166	272164	18960	18960	50	12	159744	186109952	-	-
151	15011	279565	272166	272164	18960	18960	50	12	159744	187420672	-	-
152	15111	279565	272166	272164	18992	18992	50	17	159744	188502016	-	-
153	15211	279565	272166	272164	18960	18960	50	12	159744	189517824	-	-
154	15312	279565	272166	272164	18960	18960	50	15	159744	190795776	-	-
155	15411	279565	272166	272164	18960	18960	50	12	159744	192106496	-	-
156	15511	279565	272166	272164	18960	18960	50	12	172032	193347584	-	-
157	15612	279565	272166	272164	18960	18960	50	12	176128	194560000	-	-
158	15712	279565	272166	272164	18960	18960	50	12	184320	195051520	-	-
159	15814	279565	272166	272164	18992	18992	50	15	192512	195903488	-	-
160	15912	279565	272166	272164	18960	18960	50	12	192512	196952064	-	-
161	16012	279565	272166	272164	18960	18960	50	12	200704	198000640	-	-
162	16112	279565	272166	272164	18960	18960	50	12	200704	199081984	-	-
163	16212	279565	272166	272164	18960	18960	50	12	217088	199933952	-	-
164	16313	279565	272166	272164	18968	18968	50	12	217088	201220096	-	-
165	16412	279565	272166	272164	19124	19124	50	17	217088	202936320	-	-
166	16512	279565	272166	272164	19092	19092	50	12	217088	204058624	-	-
167	16613	279565	272166	272164	19092	19092	50	12	217088	205369344	-	-
168	16712	279565	272166	272164	19836	19836	50	12	217088	207974400	-	-
169	16812	279565	272166	272164	19836	19836	50	12	217088	209252352	-	-
170	16912	279565	272166	272164	19836	19836	50	12	217088	210169856	-	-
171	17012	279565	272166	272164	19836	19836	50	12	217088	211447808	-	-
172	17114	279565	272166	272164	19836	19836	50	12	217088	212529152	-	-
173	17213	279565	272166	272164	19840	19840	50	12	217088	213807104	-	-
174	17313	279565	272166	272164	19840	19840	50	12	217088	215052288	-	-
175	17412	279565	272166	272164	19840	19840	50	12	217088	216363008	-	-
176	17512	279565	272166	272164	19840	19840	50	12	217088	217673728	-	-
177	17613	279565	272166	272164	19840	19840	50	12	217088	218722304	-	-
178	17713	279565	272166	272164	19840	19840	50	12	217088	219803648	-	-
179	17812	279565	272166	272164	19840	19840	50	12	217088	220819456	-	-
180	17912	279565	272166	272164	19840	19840	50	12	217088	222130176	-	-
181	18012	279565	272166	272164	19840	19840	50	12	217088	223408128	-	-
182	18112	279565	272166	272164	19840	19840	50	12	217088	224620544	-	-
183	18212	279565	272166	272164	19840	19840	50	12	217088	225767424	-	-
184	18314	279565	272166	272164	19840	19840	50	12	217088	227045376	-	-
185	18414	279565	272166	272164	19872	19872	50	17	217088	228225024	-	-
186	18513	279565	272166	272164	19840	19840	50	12	217088	229437440	-	-
187	18613	279565	272166	272164	19840	19840	50	12	217088	230748160	-	-
188	18714	279565	272166	272164	19840	19840	50	12	217088	231854080	-	-
189	18813	279565	272166	272164	19840	19840	50	12	217088	232902656	-	-
190	18913	279565	272166	272164	19812	19812	50	12	217088	234115072	-	-
191	19013	279565	272166	272164	19812	19812	50	12	217088	235294720	-	-
192	19113	279565	272166	272164	19844	19844	50	15	217088	236572672	-	-
193	19213	279565	272166	272164	19812	19812	50	12	217088	237686784	-	-
194	19314	279565	272166	272164	19812	19812	50	12	217088	238931968	-	-
195	19414	279565	272166	272164	19816	19816	50	12	217088	240074752	-	-
196	19513	279565	272166	272164	19816	19816	50	12	217088	241221632	-	-
197	19614	279565	272166	272164	19816	19816	50	12	217088	242499584	-	-
198	19714	279565	272166	272164	19816	19816	50	12	217088	243777536	-	-
199	19814	279565	272166	272164	19816	19816	50	12	217088	244989952	-	-
200	19913	279565	272166	272164	19816	19816	50	12	217088	246169600	-	-
201	20015	279565	272166	272164	19816	19816	50	12	217088	247382016	-	-
202	20114	279565	272166	272164	19816	19816	50	12	217088	248627200	-	-
203	20215	279565	272166	272164	19816	19816	50	12	217088	249741312	-	-
204	20315	279565	272166	272164	19820	19820	50	12	237568	250658816	-	-
205	20415	279565	272166	272164	19820	19820	50	12	237568	251813888	-	-
206	20514	279565	272166	272164	20008	20008	50	12	237568	253198336	-	-
207	20615	279565	272166	272164	19968	19968	50	12	237568	254541824	-	-
208	20715	279565	272166	272164	19972	19972	50	12	237568	255852544	-	-
209	20814	279565	272166	272164	19972	19972	50	12	237568	257163264	-	-
210	20914	279565	272166	272164	19972	19972	50	12	237568	258404352	-	-
211	21014	279565	272166	272164	19972	19972	50	12	237568	259584000	-	-
212	21114	279565	272166	272164	19972	19972	50	12	237568	260763648	-	-
213	21214	279565	272166	272164	19972	19972	50	12	237568	261976064	-	-
214	21315	279565	272166	272164	20004	20004	50	15	237568	263286784	-	-
215	21414	279565	272166	272164	19972	19972	50	12	237568	264368128	-	-
216	21514	279565	272166	272164	19972	19972	50	12	237568	265547776	-	-
217	21615	279565	272166	272164	19972	19972	50	12	237568	266727424	-	-
218	21715	279565	272166	272164	19972	19972	50	12	237568	268038144	-	-
219	21816	279565	272166	272164	19972	19972	50	12	237568	269250560	-	-
220	21915	279565	272166	272164	19972	19972	50	12	237568	270430208	-	-
221	22016	279565	272166	272164	19972	19972	50	12	237568	271478784	-	-
222	22115	279565	272166	272164	19972	19972	50	12	237568	272592896	-	-
223	22215	279565	272166	272164	19972	19972	50	12	237568	273838080	-	-
224	22315	279565	272166	272164	19972	19972	50	16	237568	275111936	-	-
225	22415	279565	272166	272164	19972	19972	50	12	237568	276324352	-	-
226	22515	279565	272166	272164	19972	19972	50	12	237568	277504000	-	-
227	22616	279565	272166	272164	19972	19972	50	12	237568	278618112	-	-
228	22716	279565	272166	272164	19972	19972	50	12	237568	279863296	-	-
229	22815	279565	272166	272164	19972	19972	50	15	237568	281075712	-	-
230	22915	279565	272166	272164	20004	20004	50	17	237568	282353664	-	-
231	23015	279565	272166	272164	19972	19972	50	12	237568	283467776	-	-
232	23115	279565	272166	272164	19972	19972	50	12	237568	284647424	-	-
233	23215	279565	272166	272164	19972	19972	50	12	237568	285794304	-	-
234	23316	279565	272166	272164	19972	19972	50	12	237568	286973952	-	-
235	23415	279565	272166	272164	19972	19972	50	12	237568	288153600	-	-
236	23515	279565	272166	272164	19972	19972	50	12	237568	289431552	-	-
237	23616	279565	272166	272164	19972	19972	50	12	237568	290115584	-	-
238	23716	279565	272166	272164	19972	19972	50	12	237568	291033088	-	-
239	23815	279565	272166	272164	19972	19972	50	12	237568	292179968	-	-
240	23915	279565	272166	272164	19972	19972	50	12	237568	293359616	-	-
241	24016	279565	272166	272164	19972	19972	50	14	237568	294604800	-	-
242	24115	279565	272166	272164	19972	19972	50	12	237568	295882752	-	-
243	24215	279565	272166	272164	20004	20004	50	17	237568	297193472	-	-
244	24317	279565	272166	272164	19976	19976	50	12	237568	298340352	-	-
245	24416	279565	272166	272164	20008	20008	50	12	237568	299528192	-	-
246	24516	279565	272166	272164	20060	20060	50	12	237568	301088768	-	-
247	24616	279565	272166	272164	20064	20064	50	12	237568	302268416	-	-
248	24717	279565	272166	272164	20072	20072	50	12	237568	303480832	-	-
249	24816	279565	272166	272164	20076	20076	50	12	237568	304758784	-	-
250	24917	279565	272166	272164	20076	20076	50	12	237568	305741824	-	-
251	25017	279565	272166	272164	20076	20076	50	12	237568	306888704	-	-
252	25116	279565	272166	272164	20068	20068	50	12	237568	308068352	-	-
253	25216	279565	272166	272164	20100	20100	50	15	237568	309215232	-	-
254	25317	279565	272166	272164	20068	20068	50	12	237568	310296576	-	-
255	25417	279565	272166	272164	20068	20068	50	12	237568	311279616	-	-
256	25516	279565	272166	272164	20068	20068	50	12	237568	312590336	-	-
257	25617	279565	272166	272164	20068	20068	50	12	237568	313835520	-	-
258	25718	279565	272166	272164	20068	20068	50	12	237568	315113472	-	-
259	25818	279565	272166	272164	20068	20068	50	12	237568	316358656	-	-
260	25917	279565	272166	272164	20100	20100	50	15	237568	317505536	-	-
261	26017	279565	272166	272164	20068	20068	50	12	237568	318717952	-	-
262	26117	279565	272166	272164	20068	20068	50	12	237568	319897600	-	-
263	26218	279565	272166	272164	20100	20100	50	17	237568	321077248	-	-
264	26318	279565	272166	272164	20068	20068	50	12	237568	322191360	-	-
265	26418	279565	272166	272164	20068	20068	50	14	237568	323469312	-	-
266	26517	279565	272166	272164	20068	20068	50	12	237568	324681728	-	-
267	26618	279565	272166	272164	20068	20068	50	12	237568	325861376	-	-
268	26718	279565	272166	272164	20068	20068	50	12	237568	326942720	-	-
269	26818	279565	272166	272164	20068	20068	50	12	237568	328151040	-	-
270	26918	279565	272166	272164	20068	20068	50	12	237568	329396224	-	-
271	27017	279565	272166	272164	20068	20068	50	12	237568	330674176	-	-
272	27119	279565	272166	272164	20100	20100	50	15	237568	331952128	-	-
273	27218	279565	272166	272164	20068	20068	50	12	237568	333197312	-	-
274	27319	279565	272166	272164	20100	20100	50	16	237568	334213120	-	-
275	27418	279565	272166	272164	20068	20068	50	12	237568	335163392	-	-
276	27519	279565	272166	272164	20068	20068	50	12	237568	336343040	-	-
277	27619	279565	272166	272164	20068	20068	50	12	237568	336994304	-	-
278	27719	279565	272166	272164	20068	20068	50	12	237568	338206720	-	-
279	27818	279565	272166	272164	20100	20100	50	15	237568	339451904	-	-
280	27918	279565	272166	272164	20068	20068	50	12	237568	340631552	-	-
281	28018	279565	272166	272164	20068	20068	50	12	237568	341942272	-	-
282	28118	279565	272166	272164	20068	20068	50	12	237568	343187456	-	-
283	28219	279565	272166	272164	20072	20072	50	12	237568	344104960	-	-
284	28319	279565	272166	272164	20072	20072	50	12	237568	345358336	-	-
285	28419	279565	272166	272164	20104	20104	50	14	237568	346505216	-	-
286	28519	279565	272166	272164	20144	20144	50	12	237568	348160000	-	-
287	28619	279565	272166	272164	20172	20172	50	12	237568	349470720	-	-
288	28719	279565	272166	272164	20184	20184	50	12	237568	350715904	-	-
289	28819	279565	272166	272164	20188	20188	50	12	237568	351830016	-	-
290	28919	279565	272166	272164	20188	20188	50	12	237568	352907264	-	-
291	29019	279565	272166	272164	20188	20188	50	12	237568	354185216	-	-
292	29119	279565	272166	272164	20188	20188	50	12	237568	355201024	-	-
293	29219	279565	272166	272164	20188	20188	50	12	237568	356446208	-	-
294	29320	279565	272166	272164	20188	20188	50	12	237568	357625856	-	-
295	29419	279565	272166	272164	20188	20188	50	12	237568	358936576	-	-
296	29519	279565	272166	272164	20188	20188	50	12	237568	360181760	-	-
297	29619	279565	272166	272164	20188	20188	50	12	237568	361426944	-	-
298	29719	279565	272166	272164	20188	20188	50	12	237568	362377216	-	-
299	29819	279565	272166	272164	20188	20188	50	15	237568	363294720	-	-
300	29919	279565	272166	272164	20188	20188	50	12	237568	364376064	-	-
301	30019	279565	272166	272164	20188	20188	50	12	237568	365654016	-	-
302	30120	279565	272166	272164	20220	20220	50	15	237568	366964736	-	-
303	30220	279565	272166	272164	20188	20188	50	12	237568	368144384	-	-
304	30320	279565	272166	272164	20220	20220	50	17	237568	369225728	-	-
305	30420	279565	272166	272164	20188	20188	50	12	237568	370466816	-	-
306	30520	279565	272166	272164	20188	20188	50	12	237568	371613696	-	-
307	30620	279565	272166	272164	20188	20188	50	12	237568	372891648	-	-
308	30719	279565	272166	272164	20188	20188	50	12	237568	374169600	-	-
309	30819	279565	272166	272164	20188	20188	50	12	237568	375115776	-	-
310	30919	279565	272166	272164	20188	20188	50	12	237568	376393728	-	-
311	31019	279565	272166	272164	20188	20188	50	12	237568	377704448	-	-
312	31119	279565	272166	272164	20188	20188	50	12	237568	378818560	-	-
313	31219	279565	272166	272164	20188	20188	50	12	237568	379998208	-	-
314	31319	279565	272166	272164	20188	20188	50	12	237568	380817408	-	-
315	31419	279565	272166	272164	20188	20188	50	12	237568	381800448	-	-
316	31519	279565	272166	272164	20224	20224	50	17	237568	383078400	-	-
317	31619	279565	272166	272164	20192	20192	50	12	237568	384290816	-	-
318	31719	279565	272166	272164	20192	20192	50	12	237568	385404928	-	-
319	31819	279565	272166	272164	20192	20192	50	12	237568	386650112	-	-
320	31920	279565	272166	272164	20192	20192	50	12	237568	387764224	-	-
321	32021	279565	272166	272164	20192	20192	50	15	237568	388812800	-	-
322	32121	279565	272166	272164	20192	20192	50	15	237568	389992448	-	-
323	32221	279565	272166	272164	20192	20192	50	12	237568	391106560	-	-
324	32321	279565	272166	272164	20192	20192	50	12	237568	392425472	-	-
325	32421	279565	272166	272164	20192	20192	50	13	237568	393633792	-	-
326	32521	279565	272166	272164	20276	20276	50	12	237568	395522048	-	-
327	32621	279565	272166	272164	20276	20276	50	12	237568	396767232	-	-
328	32721	279565	272166	272164	20276	20276	50	12	237568	397783040	-	-
329	32820	279565	272166	272164	20276	20276	50	12	237568	398995456	-	-
330	32920	279565	272166	272164	20276	20276	50	12	237568	400207872	-	-
331	33020	279565	272166	272164	20276	20276	50	15	237568	401469440	-	-
332	33120	279565	272166	272164	20276	20276	50	12	237568	402698240	-	-
333	33220	279565	272166	272164	20276	20276	50	12	237568	403615744	-	-
334	33322	279565	272166	272164	20276	20276	50	12	237568	404860928	-	-
335	33421	279565	272166	272164	20276	20276	50	12	237568	406073344	-	-
336	33521	279565	272166	272164	20276	20276	50	12	237568	407285760	-	-
337	33622	279565	272166	272164	20276	20276	50	12	237568	408563712	-	-
338	33722	279565	272166	272164	20276	20276	50	12	237568	409579520	-	-
339	33821	279565	272166	272164	20276	20276	50	12	237568	410628096	-	-
340	33921	279565	272166	272164	20276	20276	50	12	237568	411709440	-	-
341	34021	279565	272166	272164	20276	20276	50	12	237568	412954624	-	-
342	34121	279565	272166	272164	20276	20276	50	12	237568	414035968	-	-
343	34221	279565	272166	272164	20276	20276	50	12	237568	414986240	-	-
344	34322	279565	272166	272164	20276	20276	50	12	237568	415936512	-	-
345	34421	279565	272166	272164	20276	20276	50	12	237568	417148928	-	-
346	34522	279565	272166	272164	20276	20276	50	12	237568	418426880	-	-
347	34622	279565	272166	272164	20276	20276	50	12	237568	419737600	-	-
348	34722	279565	272166	272164	20276	20276	50	12	237568	420917248	-	-
349	34822	279565	272166	272164	20276	20276	50	12	237568	422031360	-	-
350	34922	279565	272166	272164	20276	20276	50	12	237568	423276544	-	-
351	35022	279565	272166	272164	20276	20276	50	12	237568	424488960	-	-
352	35122	279565	272166	272164	20308	20308	50	15	237568	425603072	-	-
353	35222	279565	272166	272164	20276	20276	50	12	237568	426717184	-	-
354	35323	279565	272166	272164	20276	20276	50	12	237568	427864064	-	-
355	35422	279565	272166	272164	20276	20276	50	12	237568	429010944	-	-
356	35522	279565	272166	272164	20276	20276	50	12	237568	430321664	-	-
357	35622	279565	272166	272164	20276	20276	50	12	237568	431435776	-	-
358	35723	279565	272166	272164	20276	20276	50	12	237568	432615424	-	-
359	35823	279565	272166	272164	20276	20276	50	12	237568	433762304	-	-
360	35922	279565	272166	272164	20276	20276	50	12	237568	435007488	-	-
361	36023	279565	272166	272164	20276	20276	50	12	237568	436318208	-	-
362	36122	279565	272166	272164	20276	20276	50	12	237568	437268480	-	-
363	36222	279565	272166	272164	20276	20276	50	12	237568	438546432	-	-
364	36323	279565	272166	272164	20276	20276	50	12	237568	439832576	-	-
365	36423	279565	272166	272164	20336	20336	50	12	237568	441421824	-	-
366	36523	279565	272166	272164	20336	20336	50	12	237568	442757120	-	-
367	36623	279565	272166	272164	20336	20336	50	12	237568	443899904	-	-
368	36723	279565	272166	272164	20336	20336	50	12	237568	444948480	-	-
369	36823	279565	272166	272164	20336	20336	50	12	237568	445997056	-	-
370	36924	279565	272166	272164	20336	20336	50	12	237568	447143936	-	-
371	37023	279565	272166	272164	20368	20368	50	15	237568	447832064	-	-
372	37123	279565	272166	272164	20336	20336	50	12	237568	448782336	-	-
373	37223	279565	272166	272164	20336	20336	50	12	237568	450060288	-	-
374	37324	279565	272166	272164	20336	20336	50	12	237568	451170304	-	-
375	37424	279565	272166	272164	20336	20336	50	12	237568	452415488	-	-
376	37524	279565	272166	272164	20336	20336	50	12	237568	453591040	-	-
377	37624	279565	272166	272164	20336	20336	50	12	237568	454705152	-	-
378	37723	279565	272166	272164	20336	20336	50	12	237568	455753728	-	-
379	37823	279565	272166	272164	20368	20368	50	15	237568	456900608	-	-
380	37923	279565	272166	272164	20388	20388	50	17	237568	458113024	-	-
381	38024	279565	272166	272164	20336	20336	50	12	237568	459227136	-	-
382	38123	279565	272166	272164	20336	20336	50	12	237568	460144640	-	-
383	38224	279565	272166	272164	20368	20368	50	15	237568	461455360	-	-
384	38324	279565	272166	272164	20336	20336	50	12	237568	462602240	-	-
385	38424	279565	272166	272164	20336	20336	50	12	237568	463749120	-	-
386	38524	279565	272166	272164	20336	20336	50	12	237568	464863232	-	-
387	38624	279565	272166	272164	20336	20336	50	12	237568	466173952	-	-
388	38724	279565	272166	272164	20336	20336	50	12	237568	467386368	-	-
389	38824	279565	272166	272164	20336	20336	50	12	237568	468467712	-	-
390	38925	279565	272166	272164	20336	20336	50	12	237568	469053440	-	-
391	39024	279565	272166	272164	20336	20336	50	12	237568	470331392	-	-
392	39124	279565	272166	272164	20336	20336	50	12	237568	471576576	-	-
393	39224	279565	272166	272164	20336	20336	50	12	237568	472752128	-	-
394	39325	279565	272166	272164	20336	20336	50	12	237568	473796608	-	-
395	39425	279565	272166	272164	20336	20336	50	12	237568	474976256	-	-
396	39525	279565	272166	272164	20336	20336	50	12	237568	476123136	-	-
397	39625	279565	272166	272164	20336	20336	50	12	237568	477204480	-	-
398	39725	279565	272166	272164	20368	20368	50	18	237568	478121984	-	-
399	39824	279565	272166	272164	20336	20336	50	12	237568	478842880	-	-
400	39924	279565	272166	272164	20336	20336	50	12	237568	479989760	-	-
401	40024	279565	272166	272164	20368	20368	50	15	237568	481234944	-	-
402	40125	279565	272166	272164	20336	20336	50	12	237568	482480128	-	-
403	40225	279565	272166	272164	20336	20336	50	12	237568	483594240	-	-
404	40326	279565	272166	272164	20336	20336	50	12	237568	484683776	-	-
405	40425	279565	272166	272164	20340	20340	50	13	237568	485679104	-	-
406	40526	279565	272166	272164	20400	20400	50	12	237568	487407616	-	-
407	40625	279565	272166	272164	20400	20400	50	15	237568	488587264	-	-
408	40725	279565	272166	272164	20400	20400	50	12	237568	489734144	-	-
409	40825	279565	272166	272164	20400	20400	50	12	237568	490881024	-	-
410	40925	279565	272166	272164	20400	20400	50	12	237568	492126208	-	-
411	41025	279565	272166	272164	20400	20400	50	12	237568	493207552	-	-
412	41125	279565	272166	272164	20400	20400	50	12	237568	494190592	-	-
413	41226	279565	272166	272164	20400	20400	50	13	237568	495300608	-	-
414	41326	279565	272166	272164	20400	20400	50	12	237568	496414720	-	-
415	41426	279565	272166	272164	20440	20440	50	15	237568	497397760	-	-
416	41526	279565	272166	272164	20400	20400	50	12	237568	498249728	-	-
417	41626	279565	272166	272164	20400	20400	50	12	237568	499167232	-	-
418	41726	279565	272166	272164	20400	20400	50	12	237568	500445184	-	-
419	41826	279565	272166	272164	20400	20400	50	12	237568	501723136	-	-
420	41926	279565	272166	272164	20400	20400	50	12	237568	502935552	-	-
421	42026	279565	272166	272164	20400	20400	50	12	237568	504049664	-	-
422	42126	279565	272166	272164	20400	20400	50	12	237568	505098240	-	-
423	42225	279565	272166	272164	20400	20400	50	12	237568	506048512	-	-
424	42327	279565	272166	272164	20400	20400	50	12	237568	507064320	-	-
425	42427	279565	272166	272164	20440	20440	50	15	237568	508112896	-	-
426	42527	279565	272166	272164	20400	20400	50	12	237568	509259776	-	-
427	42626	279565	272166	272164	20400	20400	50	12	237568	510439424	-	-
428	42726	279565	272166	272164	20400	20400	50	12	237568	511717376	-	-
429	42826	279565	272166	272164	20400	20400	50	12	237568	512929792	-	-
430	42926	279565	272166	272164	20400	20400	50	12	237568	513912832	-	-
431	43026	279565	272166	272164	20400	20400	50	12	237568	514961408	-	-
432	43126	279565	272166	272164	20400	20400	50	12	237568	516206592	-	-
433	43226	279565	272166	272164	20400	20400	50	12	237568	517386240	-	-
434	43327	279565	272166	272164	20400	20400	50	12	237568	518631424	-	-
435	43426	279565	272166	272164	20432	20432	50	19	237568	519811072	-	-
436	43527	279565	272166	272164	20400	20400	50	12	237568	520925184	-	-
437	43627	279565	272166	272164	20400	20400	50	12	237568	521908224	-	-
438	43727	279565	272166	272164	20400	20400	50	12	237568	522924032	-	-
439	43827	279565	272166	272164	20416	20416	50	14	237568	523739136	-	-
440	43927	279565	272166	272164	20400	20400	50	12	237568	524394496	-	-
441	44026	279565	272166	272164	20400	20400	50	12	237568	525672448	-	-
442	44127	279565	272166	272164	20400	20400	50	12	237568	526917632	-	-
443	44227	279565	272166	272164	20400	20400	50	12	237568	528261120	-	-
444	44328	279565	272166	272164	20400	20400	50	12	237568	529645568	-	-
445	44428	279565	272166	272164	20424	20424	50	14	237568	530821120	-	-
446	44528	279565	272166	272164	20544	20544	50	12	237568	532418560	-	-
447	44628	279565	272166	272164	20544	20544	50	12	237568	533794816	-	-
448	44728	279565	272166	272164	20544	20544	50	12	237568	535035904	-	-
449	44827	279565	272166	272164	20544	20544	50	12	237568	536117248	-	-
450	44928	279565	272166	272164	20576	20576	50	19	237568	537096192	-	-
451	45028	279565	272166	272164	20544	20544	50	12	237568	538308608	-	-
452	45128	279565	272166	272164	20544	20544	50	12	237568	539422720	-	-
453	45227	279565	272166	272164	20544	20544	50	12	237568	540372992	-	-
454	45329	279565	272166	272164	20576	20576	50	18	237568	541519872	-	-
455	45428	279565	272166	272164	20544	20544	50	12	237568	542564352	-	-
456	45528	279565	272166	272164	20544	20544	50	12	237568	543645696	-	-
457	45628	279565	272166	272164	20544	20544	50	12	237568	544727040	-	-
458	45729	279565	272166	272164	20544	20544	50	12	237568	545841152	-	-
459	45828	279565	272166	272164	20544	20544	50	12	237568	547086336	-	-
460	45928	279565	272166	272164	20544	20544	50	12	237568	548331520	-	-
461	46028	279565	272166	272164	20544	20544	50	12	237568	549412864	-	-
462	46128	279565	272166	272164	20544	20544	50	12	237568	550559744	-	-
463	46228	279565	272166	272164	20576	20576	50	15	237568	551772160	-	-
464	46329	279565	272166	272164	20544	20544	50	12	237568	552951808	-	-
465	46428	279565	272166	272164	20544	20544	50	12	237568	554131456	-	-
466	46529	279565	272166	272164	20544	20544	50	12	237568	555278336	-	-
467	46629	279565	272166	272164	20544	20544	50	12	237568	556294144	-	-
468	46729	279565	272166	272164	20544	20544	50	12	237568	557375488	-	-
469	46828	279565	272166	272164	20544	20544	50	12	237568	558555136	-	-
470	46928	279565	272166	272164	20544	20544	50	12	237568	559767552	-	-
471	47029	279565	272166	272164	20544	20544	50	12	237568	561012736	-	-
472	47129	279565	272166	272164	20544	20544	50	12	237568	562126848	-	-
473	47228	279565	272166	272164	20544	20544	50	12	237568	563306496	-	-
474	47330	279565	272166	272164	20544	20544	50	12	237568	564486144	-	-
475	47429	279565	272166	272164	20544	20544	50	12	237568	565665792	-	-
476	47530	279565	272166	272164	20544	20544	50	12	237568	566546432	-	-
477	47629	279565	272166	272164	20544	20544	50	12	237568	567660544	-	-
478	47730	279565	272166	272164	20544	20544	50	12	237568	568709120	-	-
479	47829	279565	272166	272164	20544	20544	50	12	237568	569757696	-	-
480	47929	279565	272166	272164	20544	20544	50	12	237568	570740736	-	-
481	48029	279565	272166	272164	20544	20544	50	12	237568	571953152	-	-
482	48129	279565	272166	272164	20544	20544	50	12	237568	573198336	-	-
483	48230	279565	272166	272164	20544	20544	50	12	237568	574377984	-	-
484	48330	279565	272166	272164	20544	20544	50	12	237568	575434752	-	-
485	48430	279565	272166	272164	20572	20572	50	13	237568	576774144	-	-
486	48530	279565	272166	272164	20668	20668	50	12	237568	577978368	-	-
487	48630	279565	272166	272164	20700	20700	50	15	237568	579158016	-	-
488	48730	279565	272166	272164	20700	20700	50	15	237568	580403200	-	-
489	48830	279565	272166	272164	20672	20672	50	12	237568	581648384	-	-
490	48930	279565	272166	272164	20720	20720	50	17	237568	582823936	-	-
491	49030	279565	272166	272164	20672	20672	50	12	237568	583872512	-	-
492	49129	279565	272166	272164	20672	20672	50	12	237568	585084928	-	-
493	49229	279565	272166	272164	20672	20672	50	12	237568	586330112	-	-
494	49331	279565	272166	272164	20672	20672	50	12	237568	587509760	-	-
495	49431	279565	272166	272164	20672	20672	50	12	237568	588754944	-	-
496	49531	279565	272166	272164	20672	20672	50	12	237568	589803520	-	-
497	49630	279565	272166	272164	20672	20672	50	12	237568	590946304	-	-
498	49730	279565	272166	272164	20672	20672	50	12	237568	592093184	-	-
499	49831	279565	272166	272164	20672	20672	50	12	237568	593174528	-	-
500	49930	279565	272166	272164	20672	20672	50	12	237568	594321408	-	-
501	50030	279565	272166	272164	20704	20704	50	17	237568	595238912	-	-
502	50130	279565	272166	272164	20672	20672	50	12	237568	596054016	-	-
503	50230	279565	272166	272164	20704	20704	50	17	237568	597200896	-	-
504	50331	279565	272166	272164	20672	20672	50	12	237568	598216704	-	-
505	50431	279565	272166	272164	20672	20672	50	12	237568	599097344	-	-
506	50531	279565	272166	272164	20672	20672	50	12	237568	600342528	-	-
507	50631	279565	272166	272164	20764	20764	50	15	237568	601620480	-	-
508	50731	279565	272166	272164	20672	20672	50	12	237568	602800128	-	-
509	50831	279565	272166	272164	20672	20672	50	12	237568	603815936	-	-
510	50931	279565	272166	272164	20672	20672	50	12	237568	604864512	-	-
511	51030	279565	272166	272164	20672	20672	50	12	237568	605978624	-	-
512	51131	279565	272166	272164	20672	20672	50	12	237568	606961664	-	-
513	51231	279565	272166	272164	20672	20672	50	12	237568	608075776	-	-
514	51332	279565	272166	272164	20672	20672	50	12	237568	609091584	-	-
515	51432	279565	272166	272164	20672	20672	50	12	237568	609943552	-	-
516	51532	279565	272166	272164	20672	20672	50	12	237568	611221504	-	-
517	51631	279565	272166	272164	20704	20704	50	15	237568	612302848	-	-
518	51732	279565	272166	272164	20672	20672	50	12	237568	613515264	-	-
519	51831	279565	272166	272164	20704	20704	50	16	237568	614629376	-	-
520	51932	279565	272166	272164	20672	20672	50	12	237568	615645184	-	-
521	52032	279565	272166	272164	20672	20672	50	12	237568	616689664	-	-
522	52131	279565	272166	272164	20672	20672	50	12	237568	617771008	-	-
523	52232	279565	272166	272164	20712	20712	50	15	237568	618917888	-	-
524	52333	279565	272166	272164	20680	20680	50	12	237568	620171264	-	-
525	52432	279565	272166	272164	20720	20720	50	12	237568	621559808	-	-
526	52533	279565	272166	272164	20740	20740	50	12	237568	622862336	-	-
527	52632	279565	272166	272164	20748	20748	50	12	237568	624107520	-	-
528	52732	279565	272166	272164	20748	20748	50	12	237568	625287168	-	-
529	52832	279565	272166	272164	20780	20780	50	16	237568	626368512	-	-
530	52931	279565	272166	272164	20748	20748	50	12	237568	627384320	-	-
531	53032	279565	272166	272164	20748	20748	50	12	237568	628629504	-	-
532	53132	279565	272166	272164	20748	20748	50	12	237568	629874688	-	-
533	53232	279565	272166	272164	20748	20748	50	12	237568	631054336	-	-
534	53333	279565	272166	272164	20748	20748	50	12	237568	632266752	-	-
535	53432	279565	272166	272164	20748	20748	50	12	237568	633315328	-	-
536	53533	279565	272166	272164	20748	20748	50	12	237568	634298368	-	-
537	53632	279565	272166	272164	20748	20748	50	12	237568	634855424	-	-
538	53733	279565	272166	272164	20748	20748	50	12	237568	635904000	-	-
539	53833	279565	272166	272164	20748	20748	50	12	237568	637149184	-	-
540	53933	279565	272166	272164	20748	20748	50	12	237568	638328832	-	-
541	54033	279565	272166	272164	20780	20780	50	15	237568	639246336	-	-
542	54133	279565	272166	272164	20748	20748	50	12	237568	640360448	-	-
543	54233	279565	272166	272164	20748	20748	50	12	237568	641474560	-	-
544	54333	279565	272166	272164	20748	20748	50	12	237568	642392064	-	-
545	54434	279565	272166	272164	20748	20748	50	12	237568	643272704	-	-
546	54533	279565	272166	272164	20748	20748	50	12	237568	644485120	-	-
547	54633	279565	272166	272164	20780	20780	50	15	237568	645763072	-	-
548	54734	279565	272166	272164	20748	20748	50	12	237568	646844416	-	-
549	54833	279565	272166	272164	20780	20780	50	15	237568	647958528	-	-
550	54934	279565	272166	272164	20748	20748	50	12	237568	649105408	-	-
551	55033	279565	272166	272164	20748	20748	50	12	237568	650350592	-	-
552	55133	279565	272166	272164	20748	20748	50	12	237568	651399168	-	-
553	55233	279565	272166	272164	20800	20800	50	12	237568	652644352	-	-
554	55334	279565	272166	272164	20816	20816	50	19	237568	653758464	-	-
555	55433	279565	272166	272164	20748	20748	50	12	237568	654839808	-	-
556	55534	279565	272166	272164	20748	20748	50	12	237568	656117760	-	-
557	55634	279565	272166	272164	20748	20748	50	12	237568	657264640	-	-
558	55734	279565	272166	272164	20748	20748	50	12	237568	658345984	-	-
559	55834	279565	272166	272164	20748	20748	50	12	237568	659361792	-	-
560	55934	279565	272166	272164	20780	20780	50	16	237568	659984384	-	-
561	56034	279565	272166	272164	20780	20780	50	15	237568	661196800	-	-
562	56134	279565	272166	272164	20748	20748	50	12	237568	662474752	-	-
563	56234	279565	272166	272164	20748	20748	50	12	237568	663523328	-	-
564	56335	279565	272166	272164	20748	20748	50	12	237568	664641536	-	-
565	56434	279565	272166	272164	20792	20792	50	16	237568	666112000	-	-
566	56535	279565	272166	272164	20768	20768	50	12	237568	667402240	-	-
567	56635	279565	272166	272164	20768	20768	50	12	237568	668483584	-	-
568	56735	279565	272166	272164	20800	20800	50	15	237568	669401088	-	-
569	56834	279565	272166	272164	20800	20800	50	15	237568	670515200	-	-
570	56934	279565	272166	272164	20768	20768	50	12	237568	671727616	-	-
571	57034	279565	272166	272164	20768	20768	50	12	237568	672940032	-	-
572	57134	279565	272166	272164	20872	20872	50	12	237568	674054144	-	-
573	57234	279565	272166	272164	20768	20768	50	12	237568	675332096	-	-
574	57335	279565	272166	272164	20768	20768	50	12	237568	676478976	-	-
575	57435	279565	272166	272164	20768	20768	50	12	237568	677658624	-	-
576	57535	279565	272166	272164	20768	20768	50	12	237568	678608896	-	-
577	57635	279565	272166	272164	20768	20768	50	12	237568	679755776	-	-
578	57735	279565	272166	272164	20828	20828	50	12	237568	681033728	-	-
579	57835	279565	272166	272164	20768	20768	50	12	237568	682311680	-	-
580	57935	279565	272166	272164	20800	20800	50	15	237568	683491328	-	-
581	58035	279565	272166	272164	20900	20900	50	14	237568	684605440	-	-
582	58135	279565	272166	272164	20768	20768	50	12	237568	685785088	-	-
583	58235	279565	272166	272164	20768	20768	50	12	237568	686931968	-	-
584	58336	279565	272166	272164	20768	20768	50	12	237568	687915008	-	-
585	58435	279565	272166	272164	20768	20768	50	12	237568	688930816	-	-
586	58536	279565	272166	272164	20844	20844	50	17	237568	690241536	-	-
587	58635	279565	272166	272164	20768	20768	50	12	237568	691388416	-	-
588	58736	279565	272166	272164	20876	20876	50	12	237568	692666368	-	-
589	58835	279565	272166	272164	20800	20800	50	15	237568	693780480	-	-
590	58935	279565	272166	272164	20768	20768	50	12	237568	694468608	-	-
591	59035	279565	272166	272164	20768	20768	50	12	237568	695582720	-	-
592	59135	279565	272166	272164	20768	20768	50	12	237568	696729600	-	-
593	59235	279565	272166	272164	20768	20768	50	12	237568	697745408	-	-
594	59336	279565	272166	272164	20768	20768	50	12	237568	698761216	-	-
595	59437	279565	272166	272164	20768	20768	50	12	237568	699842560	-	-
596	59537	279565	272166	272164	20768	20768	50	12	237568	700923904	-	-
597	59637	279565	272166	272164	20768	20768	50	12	237568	702136320	-	-
598	59737	279565	272166	272164	20828	20828	50	12	237568	703381504	-	-
599	59836	279565	272166	272164	20768	20768	50	15	237568	704032768	-	-
600	59936	279565	272166	272164	20768	20768	50	12	237568	704978944	-	-
601	60037	279565	272166	272164	20768	20768	50	12	237568	706093056	-	-
602	60137	279565	272166	272164	20768	20768	50	12	237568	707207168	-	-
603	60237	279565	272166	272164	20768	20768	50	12	237568	708255744	-	-
604	60338	279565	272166	272164	20768	20768	50	12	237568	709246976	-	-
605	60437	279565	272166	272164	21000	21000	50	20	237568	710909952	-	-
606	60537	279565	272166	272164	20856	20856	50	12	237568	712081408	-	-
607	60639	279565	272166	272164	20856	20856	50	12	237568	713359360	-	-
608	60737	279565	272166	272164	20888	20888	50	15	237568	714375168	-	-
609	60838	279565	272166	272164	20856	20856	50	12	237568	715456512	-	-
610	60938	279565	272166	272164	20888	20888	50	15	237568	716570624	-	-
611	61037	279565	272166	272164	20856	20856	50	12	237568	717520896	-	-
612	61136	279565	272166	272164	20856	20856	50	12	237568	718635008	-	-
613	61236	279565	272166	272164	20856	20856	50	12	237568	719912960	-	-
614	61336	279565	272166	272164	20924	20924	50	12	237568	721158144	-	-
615	61436	279565	272166	272164	20856	20856	50	12	237568	722436096	-	-
616	61536	279565	272166	272164	20856	20856	50	12	237568	723550208	-	-
617	61636	279565	272166	272164	20924	20924	50	12	237568	724762624	-	-
618	61736	279565	272166	272164	20856	20856	50	12	237568	725975040	-	-
619	61836	279565	272166	272164	20924	20924	50	12	237568	727023616	-	-
620	61936	279565	272166	272164	20888	20888	50	15	237568	727678976	-	-
621	62036	279565	272166	272164	20856	20856	50	12	237568	728629248	-	-
622	62137	279565	272166	272164	20856	20856	50	12	237568	729907200	-	-
623	62237	279565	272166	272164	20856	20856	50	12	237568	731152384	-	-
624	62336	279565	272166	272164	20856	20856	50	12	237568	732332032	-	-
625	62436	279565	272166	272164	20892	20892	50	17	237568	733446144	-	-
626	62536	279565	272166	272164	20860	20860	50	12	237568	734461952	-	-
627	62636	279565	272166	272164	20860	20860	50	12	237568	735543296	-	-
628	62737	279565	272166	272164	20860	20860	50	12	237568	736428032	-	-
629	62837	279565	272166	272164	20860	20860	50	12	237568	737542144	-	-
630	62937	279565	272166	272164	20860	20860	50	12	237568	738754560	-	-
631	63037	279565	272166	272164	20860	20860	50	12	237568	740032512	-	-
632	63137	279565	272166	272164	20860	20860	50	12	237568	741081088	-	-
633	63237	279565	272166	272164	20860	20860	50	12	237568	742359040	-	-
634	63337	279565	272166	272164	20860	20860	50	12	237568	743538688	-	-
635	63437	279565	272166	272164	20860	20860	50	12	237568	744816640	-	-
636	63537	279565	272166	272164	20860	20860	50	12	237568	745897984	-	-
637	63637	279565	272166	272164	20892	20892	50	15	237568	746782720	-	-
638	63737	279565	272166	272164	20860	20860	50	12	237568	748027904	-	-
639	63837	279565	272166	272164	20860	20860	50	12	237568	749273088	-	-
640	63937	279565	272166	272164	20960	20960	50	19	237568	750419968	-	-
641	64037	279565	272166	272164	20928	20928	50	12	237568	751304704	-	-
642	64137	279565	272166	272164	20860	20860	50	12	237568	752549888	-	-
643	64239	279565	272166	272164	20860	20860	50	12	237568	753762304	-	-
644	64339	279565	272166	272164	20864	20864	50	12	237568	755146752	-	-
645	64439	279565	272166	272164	21120	21120	50	12	237568	756432896	-	-
646	64539	279565	272166	272164	20988	20988	50	12	237568	757612544	-	-
647	64639	279565	272166	272164	21020	21020	50	15	237568	758759424	-	-
648	64739	279565	272166	272164	20988	20988	50	12	237568	759939072	-	-
649	64839	279565	272166	272164	21016	21016	50	12	237568	761053184	-	-
650	64939	279565	272166	272164	20988	20988	50	12	237568	762101760	-	-
651	65039	279565	272166	272164	21016	21016	50	12	237568	763314176	-	-
652	65141	279565	272166	272164	21020	21020	50	15	237568	764526592	-	-
653	65240	279565	272166	272164	20988	20988	50	12	237568	765575168	-	-
654	65340	279565	272166	272164	20988	20988	50	12	237568	766296064	-	-
655	65439	279565	272166	272164	20988	20988	50	12	237568	767377408	-	-
656	65539	279565	272166	272164	21064	21064	50	12	237568	768491520	-	-
657	65640	279565	272166	272164	21048	21048	50	15	237568	769638400	-	-
658	65740	279565	272166	272164	20988	20988	50	12	237568	770490368	-	-
659	65840	279565	272166	272164	20988	20988	50	12	237568	771506176	-	-
660	65940	279565	272166	272164	20988	20988	50	12	237568	772521984	-	-
661	66041	279565	272166	272164	20988	20988	50	12	237568	773603328	-	-
662	66140	279565	272166	272164	20988	20988	50	12	237568	774750208	-	-
663	66240	279565	272166	272164	20988	20988	50	12	237568	775864320	-	-
664	66341	279565	272166	272164	20988	20988	50	12	237568	777109504	-	-
665	66441	279565	272166	272164	21020	21020	50	15	237568	778354688	-	-
666	66541	279565	272166	272164	20988	20988	50	12	237568	779534336	-	-
667	66641	279565	272166	272164	20988	20988	50	12	237568	780320768	-	-
668	66741	279565	272166	272164	20988	21104	50	12	237568	781303808	-	-
669	66841	279565	272166	272164	20988	21104	50	12	237568	782544896	-	-
670	66941	279565	272166	272164	21020	21104	50	18	237568	783724544	-	-
671	67041	279565	272166	272164	20988	21104	50	12	237568	784707584	-	-
672	67141	279565	272166	272164	20988	21104	50	12	237568	785620992	-	-
673	67240	279565	272166	272164	20988	21104	50	12	237568	786796544	-	-
674	67341	279565	272166	272164	20988	21104	50	12	237568	787845120	-	-
675	67441	279565	272166	272164	20988	21104	50	12	237568	788992000	-	-
676	67541	279565	272166	272164	21064	21104	50	12	237568	790106112	-	-
677	67641	279565	272166	272164	20988	21104	50	14	237568	791318528	-	-
678	67741	279565	272166	272164	20988	21104	50	12	237568	792563712	-	-
679	67841	279565	272166	272164	21020	21104	50	15	237568	793841664	-	-
680	67941	279565	272166	272164	20988	21104	50	12	237568	794791936	-	-
681	68041	279565	272166	272164	21016	21104	50	12	237568	795545600	-	-
682	68141	279565	272166	272164	20988	21104	50	12	237568	796692480	-	-
683	68241	279565	272166	272164	20988	21104	50	12	237568	797970432	-	-
684	68342	279565	272166	272164	20988	21104	50	12	237568	799322112	-	-
685	68442	279565	272166	272164	21024	21360	50	15	237568	800821248	-	-
686	68542	279565	272166	272164	20964	21360	50	12	237568	801931264	-	-
687	68642	279565	272166	272164	21048	21360	50	12	237568	803045376	-	-
688	68741	279565	272166	272164	21152	21360	50	19	237568	803897344	-	-
689	68841	279565	272166	272164	20964	21360	50	12	237568	804388864	-	-
690	68941	279565	272166	272164	20964	21360	50	12	237568	805568512	-	-
691	69042	279565	272166	272164	20964	21360	50	12	237568	806813696	-	-
692	69142	279565	272166	272164	21048	21360	50	12	237568	808124416	-	-
693	69242	279565	272166	272164	20996	21360	50	17	237568	809205760	-	-
694	69342	279565	272166	272164	20964	21360	50	12	237568	810287104	-	-
695	69442	279565	272166	272164	20964	21360	50	12	237568	811433984	-	-
696	69542	279565	272166	272164	20964	21360	50	12	237568	812613632	-	-
697	69642	279565	272166	272164	20996	21360	50	15	237568	813367296	-	-
698	69742	279565	272166	272164	20964	21360	50	12	237568	814448640	-	-
699	69842	279565	272166	272164	20964	21360	50	12	237568	815529984	-	-
700	69943	279565	272166	272164	20996	21616	50	15	237568	816513024	-	-
701	70043	279565	272166	272164	20964	21616	50	12	237568	817332224	-	-
702	70143	279565	272166	272164	20964	21616	50	12	237568	818413568	-	-
703	70242	279565	272166	272164	20964	21616	50	12	237568	819654656	-	-
704	70343	279565	272166	272164	20964	21616	50	12	237568	820867072	-	-
705	70443	279565	272166	272164	20964	21616	50	12	237568	822112256	-	-
706	70543	279565	272166	272164	20996	21616	50	15	237568	823226368	-	-
707	70643	279565	272166	272164	20964	21616	50	15	237568	824242176	-	-
708	70743	279565	272166	272164	20964	21616	50	12	237568	825384960	-	-
709	70842	279565	272166	272164	20996	21616	50	15	237568	826499072	-	-
710	70943	279565	272166	272164	20964	21616	50	12	237568	827285504	-	-
711	71043	279565	272166	272164	20964	21616	50	12	237568	828465152	-	-
712	71143	279565	272166	272164	20964	21616	50	12	237568	829644800	-	-
713	71243	279565	272166	272164	20964	21616	50	12	237568	830955520	-	-
714	71343	279565	272166	272164	20964	21616	50	12	237568	832004096	-	-
715	71443	279565	272166	272164	20964	21616	50	12	237568	833216512	-	-
716	71543	279565	272166	272164	20964	21616	50	12	237568	834326528	-	-
717	71643	279565	272166	272164	20964	21616	50	12	237568	835506176	-	-
718	71744	279565	272166	272164	20964	21616	50	12	237568	836325376	-	-
719	71843	279565	272166	272164	20964	21616	50	12	237568	837570560	-	-
720	71943	279565	272166	272164	20964	21616	50	12	237568	838848512	-	-
721	72043	279565	272166	272164	20964	21616	50	12	237568	840028160	-	-
722	72143	279565	272166	272164	20964	21616	50	12	237568	841043968	-	-
723	72243	279565	272166	272164	20964	21616	50	12	237568	842321920	-	-
724	72344	279565	272166	272164	20964	21616	50	12	237568	843509760	-	-
725	72443	279565	272166	272164	20924	21616	50	12	249856	845234176	-	-
726	72544	279565	272166	272164	20928	21616	50	16	249856	846372864	-	-
727	72645	279565	272166	272164	20896	21616	50	12	249856	847454208	-	-
728	72745	279565	272166	272164	20896	21616	50	12	249856	848764928	-	-
729	72845	279565	272166	272164	20896	21616	50	12	249856	849747968	-	-
730	72946	279565	272166	272164	20964	21616	50	12	249856	850829312	-	-
731	73045	279565	272166	272164	20896	21616	50	12	249856	851812352	-	-
732	73144	279565	272166	272164	21144	21616	50	18	249856	852992000	-	-
733	73244	279565	272166	272164	20992	21616	50	12	249856	854106112	-	-
734	73345	279565	272166	272164	20992	21616	50	12	249856	855416832	-	-
735	73444	279565	272166	272164	20992	21616	50	12	249856	856563712	-	-
736	73543	279565	272166	272164	20992	21616	50	12	249856	857546752	-	-
737	73643	279565	272166	272164	20992	21616	50	12	249856	858497024	-	-
738	73744	279565	272166	272164	20992	21616	50	12	249856	859611136	-	-
739	73845	279565	272166	272164	20992	21616	50	12	249856	860626944	-	-
740	73944	279565	272166	272164	20992	21616	50	12	249856	861675520	-	-
741	74044	279565	272166	272164	20992	21616	50	12	249856	862920704	-	-
742	74144	279565	272166	272164	20992	21616	50	12	249856	864067584	-	-
743	74245	279565	272166	272164	21024	21616	50	17	249856	865148928	-	-
744	74345	279565	272166	272164	20992	21616	50	12	249856	865968128	-	-
745	74445	279565	272166	272164	20996	21616	50	12	249856	867115008	-	-
746	74545	279565	272166	272164	20996	21616	50	12	249856	868360192	-	-
747	74645	279565	272166	272164	21028	21616	50	15	249856	869670912	-	-
748	74745	279565	272166	272164	20996	21616	50	12	249856	870682624	-	-
749	74845	279565	272166	272164	20996	21616	50	12	249856	871862272	-	-
750	74945	279565	272166	272164	20996	21616	50	12	249856	873107456	-	-
751	75045	279565	272166	272164	20900	21616	50	12	249856	874057728	-	-
752	75145	279565	272166	272164	20900	21616	50	12	249856	874745856	-	-
753	75246	279565	272166	272164	20996	21616	50	12	249856	875696128	-	-
754	75346	279565	272166	272164	20996	21616	50	12	249856	876941312	-	-
755	75445	279565	272166	272164	20996	21616	50	12	249856	878120960	-	-
756	75546	279565	272166	272164	20996	21616	50	12	249856	879431680	-	-
757	75646	279565	272166	272164	20996	21616	50	15	249856	880480256	-	-
758	75745	279565	272166	272164	20900	21616	50	12	249856	881561600	-	-
759	75846	279565	272166	272164	20996	21616	50	12	249856	882806784	-	-
760	75946	279565	272166	272164	20900	21616	50	12	249856	883953664	-	-
761	76046	279565	272166	272164	20996	21616	50	12	249856	884641792	-	-
762	76146	279565	272166	272164	20996	21616	50	12	249856	885854208	-	-
763	76246	279565	272166	272164	21000	21616	50	12	249856	887033856	-	-
764	76346	279565	272166	272164	21000	21616	50	12	249856	888090624	-	-
765	76446	279565	272166	272164	21144	21616	50	12	249856	889851904	-	-
766	76546	279565	272166	272164	21176	21616	50	15	249856	890957824	-	-
767	76646	279565	272166	272164	21200	21616	50	15	249856	892006400	-	-
768	76746	279565	272166	272164	21144	21616	50	12	249856	893186048	-	-
769	76847	279565	272166	272164	21144	21616	50	12	249856	894431232	-	-
770	76946	279565	272166	272164	21144	21616	50	12	249856	895479808	-	-
771	77046	279565	272166	272164	21144	21616	50	12	249856	896790528	-	-
772	77146	279565	272166	272164	21144	21616	50	12	249856	897740800	-	-
773	77247	279565	272166	272164	21144	21616	50	12	249856	898756608	-	-
774	77347	279565	272166	272164	21144	21616	50	12	249856	899379200	-	-
775	77447	279565	272166	272164	21144	21616	50	12	249856	900526080	-	-
776	77547	279565	272166	272164	21144	21616	50	13	249856	901738496	-	-
777	77647	279565	272166	272164	21176	21616	50	17	249856	902983680	-	-
778	77747	279565	272166	272164	21144	21616	50	12	249856	903933952	-	-
779	77847	279565	272166	272164	21144	21616	50	12	249856	905146368	-	-
780	77953	279565	272166	272164	21176	21616	50	15	249856	906293248	-	-
781	78047	279565	272166	272164	21144	21616	50	12	249856	907079680	-	-
782	78148	279565	272166	272164	21144	21616	50	15	249856	908161024	-	-
783	78247	279565	272166	272164	21144	21616	50	12	249856	909307904	-	-
784	78347	279565	272166	272164	21144	21616	50	12	249856	910520320	-	-
785	78447	279565	272166	272164	21144	21616	50	12	249856	911601664	-	-
786	78547	279565	272166	272164	21144	21616	50	12	249856	912715776	-	-
787	78647	279565	272166	272164	21144	21616	50	12	249856	913862656	-	-
788	78747	279565	272166	272164	21144	21616	50	12	249856	915005440	-	-
789	78847	279565	272166	272164	21144	21616	50	12	249856	916217856	-	-
790	78947	279565	272166	272164	21144	21616	50	12	249856	917430272	-	-
791	79048	279565	272166	272164	21144	21616	50	12	249856	918642688	-	-
792	79148	279565	272166	272164	21176	21616	50	15	249856	919756800	-	-
793	79248	279565	272166	272164	21176	21616	50	15	249856	920969216	-	-
794	79348	279565	272166	272164	21144	21616	50	12	249856	922148864	-	-
795	79448	279565	272166	272164	21144	21616	50	12	249856	923197440	-	-
796	79548	279565	272166	272164	21144	21616	50	12	249856	923951104	-	-
797	79648	279565	272166	272164	21144	21616	50	12	249856	924966912	-	-
798	79748	279565	272166	272164	21144	21616	50	14	249856	926146560	-	-
799	79848	279565	272166	272164	21144	21616	50	12	249856	927391744	-	-
800	79947	279565	272166	272164	21144	21616	50	12	249856	928538624	-	-
801	80049	279565	272166	272164	21048	21616	50	12	249856	929718272	-	-
802	80148	279565	272166	272164	21048	21616	50	12	249856	930930688	-	-
803	80248	279565	272166	272164	21048	21616	50	12	249856	932077568	-	-
804	80349	279565	272166	272164	21048	21616	50	12	249856	933265408	-	-
805	80449	279565	272166	272164	21344	21616	50	12	249856	934776832	-	-
806	80549	279565	272166	272164	21232	21616	50	12	249856	936054784	-	-
807	80648	279565	272166	272164	21232	21616	50	12	249856	937267200	-	-
808	80749	279565	272166	272164	21392	21616	50	12	249856	938184704	-	-
809	80849	279565	272166	272164	21344	21616	50	14	249856	939233280	-	-
810	80949	279565	272166	272164	21344	21616	50	12	249856	940347392	-	-
811	81048	279565	272166	272164	21232	21616	50	13	249856	941391872	-	-
812	81149	279565	272166	272164	21232	21616	50	12	249856	942211072	-	-
813	81249	279565	272166	272164	21232	21616	50	12	249856	943357952	-	-
814	81349	279565	272166	272164	21232	21616	50	12	249856	944537600	-	-
815	81449	279565	272166	272164	21232	21616	50	12	249856	945553408	-	-
816	81549	279565	272166	272164	21232	21616	50	12	249856	946597888	-	-
817	81649	279565	272166	272164	21232	21616	50	12	249856	947712000	-	-
818	81748	279565	272166	272164	21232	21616	50	12	249856	948826112	-	-
819	81848	279565	272166	272164	21232	21616	50	12	249856	949841920	-	-
820	81948	279565	272166	272164	21344	21616	50	12	249856	951119872	-	-
821	82048	279565	272166	272164	21232	21616	50	12	249856	952365056	-	-
822	82148	279565	272166	272164	21232	21616	50	12	249856	953511936	-	-
823	82248	279565	272166	272164	21232	21616	50	12	249856	954691584	-	-
824	82348	279565	272166	272164	21264	21616	50	15	249856	955936768	-	-
825	82448	279565	272166	272164	21232	21616	50	12	249856	956952576	-	-
826	82548	279565	272166	272164	21232	21616	50	12	249856	957935616	-	-
827	82650	279565	272166	272164	21232	21616	50	12	249856	959180800	-	-
828	82750	279565	272166	272164	21396	21616	50	12	249856	960425984	-	-
829	82850	279565	272166	272164	21232	21616	50	12	249856	961507328	-	-
830	82949	279565	272166	272164	21232	21616	50	12	249856	962424832	-	-
831	83049	279565	272166	272164	21404	21616	50	12	249856	963506176	-	-
832	83149	279565	272166	272164	21396	21616	50	13	249856	964620288	-	-
833	83250	279565	272166	272164	21388	21616	50	12	249856	965734400	-	-
834	83350	279565	272166	272164	21388	21616	50	12	249856	967012352	-	-
835	83450	279565	272166	272164	21344	21616	50	12	249856	968093696	-	-
836	83550	279565	272166	272164	21232	21616	50	12	249856	969076736	-	-
837	83650	279565	272166	272164	21388	21616	50	17	249856	969961472	-	-
838	83751	279565	272166	272164	21344	21616	50	12	249856	971075584	-	-
839	83850	279565	272166	272164	21388	21616	50	13	249856	972124160	-	-
840	83950	279565	272166	272164	21376	21616	50	15	249856	973266944	-	-
841	84050	279565	272166	272164	21344	21616	50	12	249856	974282752	-	-
842	84151	279565	272166	272164	21344	21616	50	12	249856	975429632	-	-
843	84251	279565	272166	272164	21344	21616	50	12	249856	976642048	-	-
844	84351	279565	272166	272164	21632	21632	50	12	249856	977928192	-	-
845	84451	279565	272166	272164	21412	21616	50	12	249856	979103744	-	-
846	84551	279565	272166	272164	21296	21616	50	12	249856	980348928	-	-
847	84650	279565	272166	272164	21416	21616	50	15	249856	981532672	-	-
848	84751	279565	272166	272164	21468	21616	50	12	249856	982511616	-	-
849	84850	279565	272166	272164	21416	21616	50	12	249856	983691264	-	-
850	84951	279565	272166	272164	21328	21616	50	14	249856	984870912	-	-
851	85051	279565	272166	272164	21420	21616	50	12	249856	986116096	-	-
852	85151	279565	272166	272164	21296	21616	50	12	249856	987131904	-	-
853	85251	279565	272166	272164	21296	21616	50	12	249856	988114944	-	-
854	85351	279565	272166	272164	21476	21616	50	12	249856	989261824	-	-
855	85451	279565	272166	272164	21416	21616	50	12	249856	990441472	-	-
856	85552	279565	272166	272164	21296	21616	50	14	249856	991621120	-	-
857	85651	279565	272166	272164	21420	21616	50	12	249856	992866304	-	-
858	85751	279565	272166	272164	21488	21616	50	17	249856	993882112	-	-
859	85851	279565	272166	272164	21416	21616	50	12	249856	994467840	-	-
860	85951	279565	272166	272164	21296	21616	50	12	249856	995418112	-	-
861	86052	279565	272166	272164	21328	21616	50	15	249856	996597760	-	-
862	86151	279565	272166	272164	21416	21616	50	12	249856	997711872	-	-
863	86252	279565	272166	272164	21416	21616	50	12	249856	998858752	-	-
864	86352	279565	272166	272164	21460	21616	50	12	249856	1000071168	-	-
865	86451	279565	272166	272164	21296	21616	50	12	249856	1001316352	-	-
866	86552	279565	272166	272164	21448	21616	50	15	249856	1002233856	-	-
867	86652	279565	272166	272164	21416	21616	50	12	249856	1003282432	-	-
868	86752	279565	272166	272164	21412	21616	50	12	249856	1004462080	-	-
869	86852	279565	272166	272164	21460	21616	50	12	249856	1005740032	-	-
870	86952	279565	272166	272164	21412	21616	50	12	249856	1006723072	-	-
871	87052	279565	272166	272164	21412	21616	50	12	249856	1007804416	-	-
872	87152	279565	272166	272164	21416	21616	50	13	249856	1008754688	-	-
873	87252	279565	272166	272164	21416	21616	50	12	249856	1009934336	-	-
874	87353	279565	272166	272164	21412	21616	50	12	249856	1011081216	-	-
875	87453	279565	272166	272164	21416	21616	50	12	249856	1012326400	-	-
876	87553	279565	272166	272164	21448	21616	50	15	249856	1013538816	-	-
877	87654	279565	272166	272164	21464	21616	50	16	249856	1014587392	-	-
878	87753	279565	272166	272164	21432	21616	50	12	249856	1015373824	-	-
879	87852	279565	272166	272164	21432	21616	50	12	249856	1016487936	-	-
880	87952	279565	272166	272164	21432	21616	50	12	249856	1017405440	-	-
881	88052	279565	272166	272164	21432	21616	50	12	249856	1018159104	-	-
882	88153	279565	272166	272164	21460	21616	50	16	249856	1019240448	-	-
883	88253	279565	272166	272164	21428	21616	50	12	249856	1020420096	-	-
884	88353	279565	272166	272164	21428	21616	50	12	249856	1021788160	-	-
885	88453	279565	272166	272164	21464	21616	50	12	249856	1023258624	-	-
886	88553	279565	272166	272164	21504	21616	50	12	249856	1024397312	-	-
887	88653	279565	272166	272164	21464	21616	50	12	249856	1025478656	-	-
888	88753	279565	272166	272164	21464	21616	50	12	249856	1026297856	-	-
889	88852	279565	272166	272164	21524	21616	50	12	249856	1027575808	-	-
890	88953	279565	272166	272164	21524	21616	50	12	249856	1028689920	-	-
891	89053	279565	272166	272164	21464	21616	50	12	249856	1029967872	-	-
892	89153	279565	272166	272164	21496	21616	50	19	249856	1030950912	-	-
893	89253	279565	272166	272164	21464	21616	50	12	249856	1031933952	-	-
894	89354	279565	272166	272164	21464	21616	50	12	249856	1033146368	-	-
895	89454	279565	272166	272164	21464	21616	50	12	249856	1034326016	-	-
896	89554	279565	272166	272164	21504	21616	50	12	249856	1035538432	-	-
897	89654	279565	272166	272164	21516	21616	50	19	249856	1036750848	-	-
898	89754	279565	272166	272164	21464	21616	50	12	249856	1037832192	-	-
899	89853	279565	272166	272164	21464	21616	50	12	249856	1038745600	-	-
900	89953	279565	272166	272164	21496	21616	50	15	249856	1039728640	-	-
901	90053	279565	272166	272164	21504	21616	50	12	249856	1040875520	-	-
902	90154	279565	272166	272164	21504	21616	50	12	249856	1041989632	-	-
903	90254	279565	272166	272164	21504	21616	50	12	249856	1043066880	-	-
904	90354	279565	272166	272164	21504	21616	50	12	249856	1044279296	-	-
905	90454	279565	272166	272164	21536	21616	50	15	249856	1045426176	-	-
906	90554	279565	272166	272164	21504	21616	50	12	249856	1046441984	-	-
907	90655	279565	272166	272164	21504	21616	50	12	249856	1047752704	-	-
908	90754	279565	272166	272164	21504	21616	50	12	249856	1048965120	-	-
909	90854	279565	272166	272164	21504	21616	50	12	249856	1049751552	-	-
910	90954	279565	272166	272164	21536	21616	50	15	249856	1050734592	-	-
911	91055	279565	272166	272164	21504	21616	50	12	249856	1051914240	-	-
912	91153	279565	272166	272164	21504	21616	50	12	249856	1053061120	-	-
913	91253	279565	272166	272164	21504	21616	50	12	249856	1054076928	-	-
914	91353	279565	272166	272164	21504	21616	50	12	249856	1055322112	-	-
915	91453	279565	272166	272164	21548	21616	50	21	249856	1056305152	-	-
916	91553	279565	272166	272164	21504	21616	50	12	249856	1057157120	-	-
917	91653	279565	272166	272164	21504	21616	50	12	249856	1057972224	-	-
918	91755	279565	272166	272164	21504	21616	50	12	249856	1059020800	-	-
919	91855	279565	272166	272164	21504	21616	50	12	249856	1060298752	-	-
920	91955	279565	272166	272164	21536	21616	50	16	249856	1061543936	-	-
921	92055	279565	272166	272164	21544	21616	50	15	249856	1062625280	-	-
922	92155	279565	272166	272164	21504	21616	50	12	249856	1063706624	-	-
923	92255	279565	272166	272164	21504	21616	50	14	249856	1064656896	-	-
924	92355	279565	272166	272164	21504	21616	50	12	249856	1065377792	-	-
